ticker,disclosure_date,positive_sentiment,neutral_sentiment,negative_sentiment,compound_sentiment
AAPL,2023-02-02,0.939026,0.04036589,0.02060809,0.91841793
AAPL,2023-03-10,0.9006524,0.047102828,0.052244756,0.8484076
AAPL,2023-05-04,0.93825614,0.04130525,0.020438652,0.9178175
AAPL,2023-05-10,0.9374924,0.033278946,0.029228628,0.90826374
AAPL,2023-08-03,0.9400084,0.03898698,0.02100464,0.9190037
AAPL,2023-11-02,0.93908536,0.040305108,0.020609528,0.91847587
AAPL,2024-02-01,0.939026,0.04036589,0.02060809,0.91841793
AAPL,2024-02-28,0.90543467,0.054562844,0.040002413,0.86543226
AAPL,2024-05-02,0.93824744,0.041344874,0.020407708,0.91783977
AAPL,2024-05-03,0.9318509,0.04784426,0.020304827,0.9115461
AAPL,2024-08-01,0.94000345,0.039021786,0.020974789,0.91902864
AAPL,2024-08-23,0.9260925,0.055892877,0.018014705,0.9080778
AAPL,2024-08-26,0.9380812,0.033893533,0.028025327,0.9100559
AAPL,2024-09-10,0.8427575,0.10418083,0.053061645,0.78969586
AAPL,2024-10-31,0.93891764,0.040416785,0.02066558,0.91825205
AMT,2022-12-08,0.92815983,0.04647163,0.02536856,0.90279126
AMT,2023-02-23,0.94330394,0.03473568,0.021960374,0.92134356
AMT,2023-03-01,0.95208156,0.025960034,0.021958465,0.9301231
AMT,2023-03-02,0.9217578,0.040679976,0.037562173,0.8841956
AMT,2023-03-03,0.935719,0.040241066,0.024039952,0.911679
AMT,2023-03-08,0.952153,0.021814773,0.02603224,0.92612076
AMT,2023-03-09,0.92953426,0.04091494,0.029550811,0.89998347
AMT,2023-03-13,0.93965614,0.02955005,0.030793834,0.9088623
AMT,2023-03-31,0.5689505,0.393294,0.037755486,0.531195
AMT,2023-04-26,0.94263303,0.035463043,0.021903962,0.92072904
AMT,2023-05-09,0.95445156,0.022795111,0.022753254,0.9316983
AMT,2023-05-16,0.93689114,0.03899155,0.024117285,0.9127739
AMT,2023-05-22,0.9536496,0.023964267,0.022386122,0.93126345
AMT,2023-05-25,0.93389887,0.03952032,0.02658081,0.90731806
AMT,2023-06-29,0.8787167,0.089711785,0.03157151,0.84714526
AMT,2023-07-20,0.9396577,0.040037952,0.020304326,0.91935337
AMT,2023-07-27,0.94306666,0.034959882,0.021973427,0.9210932
AMT,2023-09-12,0.9528295,0.023634043,0.023536496,0.92929304
AMT,2023-09-15,0.93721706,0.03834432,0.024438567,0.91277856
AMT,2023-09-20,0.9358261,0.037533127,0.026640736,0.9091854
AMT,2023-10-26,0.94286513,0.03521142,0.021923495,0.92094165
AMT,2023-12-14,0.92670184,0.047011048,0.026287137,0.9004147
AMT,2024-01-05,0.9321507,0.037703015,0.030146234,0.9020045
AMT,2024-02-07,0.91998893,0.01990359,0.06010751,0.8598814
AMT,2024-02-27,0.94330394,0.03473568,0.021960374,0.92134356
AMT,2024-03-01,0.91371477,0.046628553,0.039656702,0.87405807
AMT,2024-03-04,0.9518944,0.025825888,0.02227978,0.9296146
AMT,2024-03-07,0.9364314,0.04010175,0.023466887,0.9129645
AMT,2024-03-14,0.9020185,0.05370068,0.04428089,0.85773754
AMT,2024-04-30,0.94263303,0.035463043,0.021903962,0.92072904
AMT,2024-05-22,0.95445156,0.022795111,0.022753254,0.9316983
AMT,2024-05-24,0.91104084,0.060773466,0.028185682,0.8828552
AMT,2024-05-29,0.9383971,0.037828255,0.023774631,0.9146225
AMT,2024-07-30,0.94306666,0.034959882,0.021973427,0.9210932
AMT,2024-09-12,0.9412017,0.03373818,0.025060069,0.9161416
AMT,2024-10-29,0.94286513,0.03521142,0.021923495,0.92094165
AMT,2024-10-31,0.92396253,0.050690737,0.025346752,0.8986158
AMZN,2022-11-18,0.94708747,0.027141666,0.025770897,0.92131656
AMZN,2022-12-01,0.9431879,0.02950551,0.02730654,0.9158814
AMZN,2023-01-03,0.9429116,0.033825558,0.023262741,0.91964895
AMZN,2023-01-06,0.9399731,0.039903656,0.020123195,0.91984993
AMZN,2023-02-02,0.9310124,0.04735843,0.02162924,0.9093832
AMZN,2023-04-12,0.9482947,0.029555034,0.022150286,0.9261444
AMZN,2023-04-27,0.9375361,0.040130742,0.0223331,0.9152031
AMZN,2023-05-26,0.92842,0.04066445,0.030915592,0.8975044
AMZN,2023-08-03,0.93730754,0.040813383,0.0218791,0.91542846
AMZN,2023-09-13,0.9443289,0.026876794,0.028794251,0.9155347
AMZN,2023-10-26,0.9359755,0.04252287,0.02150165,0.91447383
AMZN,2023-11-01,0.94881904,0.02460752,0.02657348,0.9222455
AMZN,2024-02-01,0.9310124,0.04735843,0.02162924,0.9093832
AMZN,2024-04-10,0.94137174,0.019385364,0.039242882,0.9021288
AMZN,2024-04-30,0.9375361,0.040130742,0.0223331,0.9152031
AMZN,2024-05-03,0.9368428,0.044105984,0.019051153,0.9177916
AMZN,2024-05-14,0.83825374,0.14319111,0.018555176,0.8196986
AMZN,2024-05-24,0.925692,0.05012662,0.024181396,0.9015106
AMZN,2024-08-01,0.93730754,0.040813383,0.0218791,0.91542846
AMZN,2024-10-31,0.9359755,0.04252287,0.02150165,0.91447383
BA,2022-11-28,0.9080162,0.073972985,0.018010844,0.89000535
BA,2022-12-12,0.886129,0.0758398,0.038031228,0.84809774
BA,2022-12-22,0.94026136,0.031750754,0.027987935,0.9122734
BA,2023-01-25,0.87172806,0.10877221,0.019499697,0.8522284
BA,2023-02-17,0.9414941,0.027845783,0.030660175,0.9108339
BA,2023-03-15,0.9304648,0.03955646,0.029978745,0.90048605
BA,2023-04-11,0.9459515,0.035635438,0.0184131,0.9275384
BA,2023-04-19,0.9281501,0.05049521,0.02135467,0.90679544
BA,2023-04-26,0.87958145,0.100067,0.020351559,0.8592299
BA,2023-07-26,0.8882996,0.092111535,0.01958887,0.8687107
BA,2023-08-24,0.9336894,0.04055958,0.025750957,0.9079385
BA,2023-09-05,0.9310144,0.046871927,0.022113651,0.9089008
BA,2023-09-22,0.94527143,0.0318232,0.022905378,0.9223661
BA,2023-10-25,0.87671363,0.103951566,0.019334849,0.8573787
BA,2023-12-11,0.9434557,0.03485841,0.021685923,0.92176974
BA,2024-01-31,0.8499893,0.12983115,0.020179555,0.82980967
BA,2024-03-25,0.92053396,0.056599617,0.022866355,0.89766765
BA,2024-04-24,0.86809635,0.11086851,0.021035131,0.8470613
BA,2024-05-03,0.9386207,0.035795107,0.025584206,0.91303647
BA,2024-05-17,0.9336929,0.041193202,0.025113946,0.90857893
BA,2024-07-01,0.9282096,0.044788416,0.027001956,0.9012077
BA,2024-07-31,0.9077613,0.06801977,0.024218962,0.88354224
BA,2024-09-13,0.029773965,0.9589442,0.011281907,0.018492058
BA,2024-09-20,0.9399702,0.038802937,0.021226898,0.9187433
BA,2024-10-11,0.91719127,0.060440693,0.02236797,0.8948233
BA,2024-10-15,0.9397545,0.031818483,0.028427035,0.91132754
BA,2024-10-23,0.862515,0.11729017,0.020194808,0.8423202
BA,2024-10-30,0.9344004,0.034038078,0.031561483,0.9028389
BA,2024-10-31,0.94423026,0.0291366,0.026633143,0.9175971
BAC,2022-12-16,0.94550705,0.031196002,0.02329697,0.9222101
BAC,2023-01-13,0.94724965,0.03250843,0.02024197,0.9270077
BAC,2023-02-03,0.6936712,0.029940387,0.27638838,0.41728285
BAC,2023-03-31,0.9484452,0.02949319,0.022061624,0.9263836
BAC,2023-04-18,0.9470188,0.033131067,0.019850181,0.9271686
BAC,2023-04-28,0.9369018,0.04076777,0.022330405,0.91457134
BAC,2023-06-26,0.9507439,0.026186556,0.023069587,0.9276743
BAC,2023-07-05,0.94099617,0.0217207,0.037283115,0.9037131
BAC,2023-07-18,0.9470251,0.033045728,0.019929118,0.92709607
BAC,2023-09-29,0.9445775,0.032847133,0.022575352,0.92200214
BAC,2023-10-17,0.9467998,0.033466753,0.019733442,0.9270663
BAC,2024-01-08,0.93818444,0.036195807,0.025619805,0.91256464
BAC,2024-01-12,0.94724965,0.03250843,0.02024197,0.9270077
BAC,2024-02-02,0.49834993,0.028820332,0.4728297,0.025520235
BAC,2024-04-16,0.9470188,0.033131067,0.019850181,0.9271686
BAC,2024-04-26,0.9390405,0.038419437,0.0225401,0.9165004
BAC,2024-05-10,0.94355804,0.037858926,0.018583087,0.9249749
BAC,2024-06-21,0.9335691,0.042458788,0.023972102,0.909597
BAC,2024-06-28,0.9204695,0.029429687,0.050100762,0.8703688
BAC,2024-07-16,0.9470251,0.033045728,0.019929118,0.92709607
BAC,2024-07-24,0.9520013,0.02433594,0.023662783,0.9283385
BAC,2024-10-15,0.9467998,0.033466753,0.019733442,0.9270663
CAT,2023-01-31,0.93748045,0.04117271,0.021346845,0.91613364
CAT,2023-02-02,0.946573,0.028142411,0.025284573,0.92128843
CAT,2023-04-27,0.94005185,0.038458064,0.021490091,0.91856176
CAT,2023-06-20,0.9411764,0.028363442,0.030460201,0.9107162
CAT,2023-08-01,0.94081837,0.03748105,0.021700606,0.91911775
CAT,2023-08-09,0.815525,0.15383884,0.030636113,0.78488886
CAT,2023-09-01,0.93281895,0.035762478,0.03141851,0.9014005
CAT,2023-10-16,0.9284744,0.034316394,0.03720915,0.8912653
CAT,2023-10-31,0.9394075,0.039250337,0.021342224,0.91806525
CAT,2023-12-14,0.9463073,0.03016965,0.023523128,0.92278415
CAT,2024-02-05,0.93837243,0.040284727,0.021342812,0.9170297
CAT,2024-04-03,0.8629278,0.01997973,0.11709242,0.7458354
CAT,2024-04-25,0.94005185,0.038458064,0.021490091,0.91856176
CAT,2024-06-14,0.94271755,0.029216811,0.028065613,0.9146519
CAT,2024-08-06,0.94081837,0.03748105,0.021700606,0.91911775
CAT,2024-09-04,0.92273253,0.04241316,0.03485434,0.8878781
CAT,2024-10-11,0.942233,0.03727757,0.02048941,0.92174363
CAT,2024-10-30,0.9394075,0.039250337,0.021342224,0.91806525
CMCSA,2023-10-03,0.9478605,0.025783353,0.026356176,0.92150426
CMCSA,2023-10-26,0.9503901,0.027749475,0.021860436,0.92852974
CMCSA,2023-12-06,0.932996,0.048008244,0.01899572,0.9140003
CMCSA,2024-01-25,0.9500494,0.028141368,0.02180921,0.92824024
CMCSA,2024-04-15,0.9374385,0.03823013,0.024331339,0.91310716
CMCSA,2024-04-25,0.95038295,0.027852908,0.021764081,0.9286189
CMCSA,2024-05-17,0.9358633,0.03614339,0.02799332,0.90787
CMCSA,2024-05-22,0.94177693,0.03163737,0.026585672,0.9151913
CMCSA,2024-06-12,0.94316,0.036802195,0.020037781,0.9231222
CMCSA,2024-07-23,0.9505774,0.027300538,0.022122117,0.92845523
CMCSA,2024-09-23,0.9349628,0.044443905,0.020593304,0.9143695
CMCSA,2024-09-26,0.94276446,0.030570216,0.026665298,0.9160992
CMCSA,2024-10-31,0.9503901,0.027749475,0.021860436,0.92852974
CVX,2022-12-07,0.9337206,0.045615517,0.02066388,0.91305673
CVX,2023-01-27,0.9225262,0.043514084,0.0339597,0.8885665
CVX,2023-04-28,0.92994845,0.05123184,0.018819716,0.91112876
CVX,2023-05-22,0.9367731,0.03802669,0.025200246,0.9115729
CVX,2023-06-02,0.9217922,0.049314436,0.02889338,0.89289886
CVX,2023-07-24,0.9384067,0.041089028,0.02050427,0.91790247
CVX,2023-07-26,0.89766526,0.07603826,0.026296524,0.87136877
CVX,2023-07-28,0.9296465,0.05167978,0.018673737,0.9109727
CVX,2023-08-07,0.9419864,0.03568677,0.022326827,0.91965955
CVX,2023-10-23,0.91222686,0.054321606,0.033451524,0.8787753
CVX,2023-10-27,0.9291021,0.052392524,0.018505367,0.9105967
CVX,2023-11-24,0.9428541,0.03018277,0.02696313,0.915891
CVX,2023-12-08,0.86540884,0.09990069,0.034690477,0.83071834
CVX,2024-01-02,0.9070754,0.05746358,0.035461012,0.8716144
CVX,2024-02-02,0.9318967,0.036655087,0.031448234,0.9004485
CVX,2024-04-26,0.92994845,0.05123184,0.018819716,0.91112876
CVX,2024-05-31,0.92035514,0.05082519,0.02881973,0.8915354
CVX,2024-07-31,0.85429317,0.10827608,0.03743078,0.8168624
CVX,2024-08-02,0.90498126,0.07574346,0.019275334,0.8857058
CVX,2024-09-30,0.9286858,0.04366458,0.027649643,0.90103614
CVX,2024-10-07,0.9450112,0.025733044,0.029255778,0.9157554
CVX,2024-11-01,0.92908347,0.05231016,0.01860638,0.9104771
DOW,2023-01-26,0.89348197,0.068241335,0.038276702,0.8552053
DOW,2023-01-31,0.9290459,0.05236037,0.018593732,0.91045225
DOW,2023-04-18,0.9365305,0.041234717,0.022234857,0.9142956
DOW,2023-04-25,0.9163078,0.064979315,0.018712875,0.8975949
DOW,2023-07-25,0.914458,0.06704444,0.018497555,0.89596045
DOW,2023-10-24,0.9137646,0.06772212,0.01851328,0.89525133
DOW,2023-10-25,0.94065166,0.03215698,0.027191352,0.91346025
DOW,2023-12-18,0.9474834,0.027486717,0.025029827,0.92245364
DOW,2024-01-25,0.9137258,0.06787907,0.018395117,0.89533067
DOW,2024-01-30,0.9164406,0.05831035,0.025249055,0.8911916
DOW,2024-02-09,0.9416429,0.033171423,0.025185715,0.9164572
DOW,2024-02-20,0.9436592,0.034979668,0.021361154,0.922298
DOW,2024-04-15,0.93645114,0.04117369,0.02237517,0.914076
DOW,2024-04-25,0.9163078,0.064979315,0.018712875,0.8975949
DOW,2024-05-16,0.91243714,0.039373733,0.048189126,0.86424804
DOW,2024-07-25,0.914458,0.06704444,0.018497555,0.89596045
DOW,2024-09-12,0.9253851,0.051802285,0.02281266,0.9025724
DOW,2024-10-24,0.9137646,0.06772212,0.01851328,0.89525133
DUK,2022-12-05,0.930809,0.051695466,0.017495506,0.9133135
DUK,2022-12-08,0.94484556,0.026690442,0.028464027,0.9163815
DUK,2022-12-27,0.89865196,0.03334809,0.067999914,0.83065206
DUK,2023-01-03,0.90614104,0.020260379,0.07359856,0.83254254
DUK,2023-01-06,0.9467008,0.024685152,0.028614063,0.91808677
DUK,2023-01-19,0.9325571,0.03137343,0.036069453,0.8964876
DUK,2023-02-08,0.9427204,0.037206937,0.020072674,0.9226477
DUK,2023-03-10,0.8572652,0.12419999,0.018534837,0.83873034
DUK,2023-04-03,0.9435711,0.03214503,0.024283843,0.9192873
DUK,2023-04-04,0.94564867,0.032923087,0.021428213,0.92422044
DUK,2023-04-06,0.9414889,0.025738155,0.032772973,0.9087159
DUK,2023-04-28,0.923062,0.04006546,0.036872484,0.8861896
DUK,2023-05-08,0.9436909,0.03625562,0.02005344,0.92363745
DUK,2023-05-09,0.9368954,0.03550264,0.027601993,0.90929335
DUK,2023-06-12,0.82414764,0.124909215,0.05094315,0.7732045
DUK,2023-06-15,0.943508,0.02753496,0.02895703,0.914551
DUK,2023-08-07,0.9439949,0.035429675,0.020575412,0.9234195
DUK,2023-08-21,0.92880476,0.04089746,0.030297793,0.898507
DUK,2023-08-22,0.92571056,0.047615513,0.026673911,0.89903665
DUK,2023-08-28,0.89533067,0.056423843,0.048245475,0.8470852
DUK,2023-09-08,0.94325864,0.026545756,0.030195544,0.91306317
DUK,2023-11-01,0.9431654,0.03661638,0.020218208,0.92294717
DUK,2023-12-18,0.9328925,0.039589398,0.02751806,0.90537447
DUK,2023-12-19,0.936528,0.040277503,0.023194429,0.91333365
DUK,2024-01-05,0.9436544,0.028883545,0.027462047,0.91619235
DUK,2024-01-12,0.945863,0.027935885,0.026201092,0.9196619
DUK,2024-01-31,0.92272675,0.041570544,0.035702676,0.8870241
DUK,2024-02-07,0.94354653,0.036181618,0.020271879,0.92327464
DUK,2024-03-15,0.9396659,0.030473843,0.029860208,0.9098057
DUK,2024-04-12,0.9442712,0.025968153,0.029760614,0.9145106
DUK,2024-05-06,0.9436909,0.03625562,0.02005344,0.92363745
DUK,2024-05-13,0.9147258,0.062710024,0.022564225,0.89216155
DUK,2024-06-07,0.9447264,0.028411187,0.026862381,0.917864
DUK,2024-07-08,0.9368838,0.0358278,0.027288362,0.9095955
DUK,2024-07-15,0.9434049,0.029120125,0.027474986,0.9159299
DUK,2024-08-05,0.9439949,0.035429675,0.020575412,0.9234195
DUK,2024-08-22,0.94118404,0.03050733,0.028308598,0.9128755
DUK,2024-11-06,0.9431654,0.03661638,0.020218208,0.92294717
HD,2022-11-15,0.9311031,0.048287507,0.020609368,0.91049373
HD,2023-02-21,0.92746115,0.05238795,0.020150905,0.90731025
HD,2023-02-28,0.93915826,0.025522768,0.035318945,0.90383935
HD,2023-04-19,0.74223906,0.23046122,0.027299719,0.71493936
HD,2023-05-16,0.9303732,0.04914286,0.020483956,0.9098893
HD,2023-05-23,0.93561584,0.032529924,0.031854227,0.9037616
HD,2023-06-20,0.92607284,0.05174044,0.022186756,0.9038861
HD,2023-07-13,0.93731266,0.027324075,0.035363317,0.90194935
HD,2023-08-15,0.9320834,0.04741291,0.02050367,0.9115797
HD,2023-10-30,0.92777133,0.026913557,0.045315072,0.8824563
HD,2023-11-14,0.9311031,0.048287507,0.020609368,0.91049373
HD,2023-11-28,0.94499254,0.029531183,0.025476301,0.9195162
HD,2023-12-04,0.94484794,0.03202615,0.023125894,0.92172205
HD,2024-01-10,0.74682254,0.23046939,0.022708056,0.7241145
HD,2024-02-20,0.9248485,0.054462403,0.020689078,0.9041594
HD,2024-03-28,0.9117939,0.06055853,0.027647534,0.8841464
HD,2024-05-09,0.9400619,0.026369449,0.03356857,0.90649337
HD,2024-05-14,0.93051136,0.048702717,0.020785961,0.90972537
HD,2024-05-22,0.93089753,0.036636557,0.03246596,0.8984316
HD,2024-05-30,0.6603967,0.3216122,0.017991101,0.64240557
HD,2024-06-18,0.94185627,0.03431018,0.02383357,0.91802275
HD,2024-06-25,0.94742525,0.028901838,0.023672901,0.9237523
HD,2024-06-27,0.41835415,0.5513504,0.030295374,0.38805878
HD,2024-08-13,0.93222153,0.046972767,0.020805676,0.9114158
HD,2024-11-12,0.9312412,0.04784736,0.020911373,0.9103298
JNJ,2022-11-30,0.9210832,0.057376616,0.021540195,0.89954305
JNJ,2022-12-22,0.9216156,0.042962797,0.035421602,0.886194
JNJ,2023-01-24,0.9142387,0.0574059,0.028355408,0.8858833
JNJ,2023-02-14,0.9326744,0.046002213,0.021323334,0.9113511
JNJ,2023-03-31,0.86624146,0.11436418,0.019394338,0.8468471
JNJ,2023-04-04,0.90420985,0.042070642,0.05371947,0.8504904
JNJ,2023-04-18,0.8800028,0.06902944,0.05096778,0.829035
JNJ,2023-04-28,0.92798007,0.049604222,0.022415718,0.9055643
JNJ,2023-05-08,0.9390187,0.032098696,0.028882626,0.9101361
JNJ,2023-07-20,0.9104196,0.061441995,0.028138354,0.8822812
JNJ,2023-07-24,0.94578445,0.033135567,0.021079984,0.9247045
JNJ,2023-07-28,0.9098196,0.06814015,0.022040267,0.88777936
JNJ,2023-08-25,0.9497492,0.025668453,0.024582349,0.92516685
JNJ,2023-08-30,0.9344939,0.02526271,0.04024339,0.8942505
JNJ,2023-10-17,0.90235627,0.07082585,0.026817827,0.87553847
JNJ,2023-10-23,0.76352113,0.21593107,0.020547807,0.7429733
JNJ,2023-11-27,0.9375861,0.03723117,0.025182676,0.91240346
JNJ,2023-11-30,0.87896514,0.08649753,0.034537397,0.8444277
JNJ,2023-12-05,0.9437075,0.026941877,0.029350596,0.91435695
JNJ,2024-01-23,0.8800883,0.09408861,0.025823044,0.85426533
JNJ,2024-04-16,0.84431994,0.10970254,0.0459775,0.79834247
JNJ,2024-04-29,0.92604566,0.052424863,0.021529451,0.9045162
JNJ,2024-05-01,0.79436654,0.17205048,0.033582985,0.7607836
JNJ,2024-05-17,0.9500156,0.023902882,0.026081512,0.9239341
JNJ,2024-05-20,0.93692905,0.023999283,0.039071705,0.8978573
JNJ,2024-07-17,0.904176,0.06759342,0.028230557,0.87594545
JNJ,2024-08-26,0.89716786,0.08137286,0.02145924,0.8757086
JNJ,2024-09-10,0.79600835,0.18419623,0.019795354,0.776213
JNJ,2024-09-20,0.86983335,0.032220222,0.09794637,0.771887
JNJ,2024-10-15,0.8807202,0.09113958,0.028140232,0.85257995
JPM,2023-03-01,0.94620585,0.028896056,0.024898104,0.9213078
JPM,2023-04-14,0.8937885,0.08549959,0.020711858,0.8730767
JPM,2023-04-20,0.9300969,0.04410178,0.025801282,0.9042956
JPM,2023-05-01,0.9116655,0.06576657,0.02256795,0.8890975
JPM,2023-05-18,0.9413048,0.03300903,0.025686145,0.91561866
JPM,2023-05-22,0.89769685,0.079689614,0.022613559,0.87508327
JPM,2023-06-01,0.9450636,0.03123913,0.02369731,0.9213662
JPM,2023-06-26,0.93488073,0.04478915,0.020330075,0.91455066
JPM,2023-06-30,0.9227235,0.0542025,0.02307404,0.89964944
JPM,2023-07-14,0.89406234,0.08547601,0.020461628,0.8736007
JPM,2023-07-24,0.94702923,0.029513361,0.023457402,0.9235718
JPM,2023-09-22,0.94197047,0.03819716,0.01983235,0.9221381
JPM,2023-10-13,0.89396507,0.08546057,0.02057436,0.8733907
JPM,2023-10-23,0.93985665,0.037408214,0.022735212,0.9171214
JPM,2023-10-26,0.9210708,0.020506538,0.058422707,0.86264807
JPM,2024-01-12,0.8977591,0.081955984,0.020284932,0.8774741
JPM,2024-01-16,0.94728154,0.030546559,0.022171894,0.9251096
JPM,2024-01-18,0.87748826,0.02437805,0.098133676,0.7793546
JPM,2024-01-23,0.9474282,0.030322766,0.022248957,0.92517924
JPM,2024-01-25,0.9451442,0.034710176,0.020145688,0.9249985
JPM,2024-03-12,0.9456473,0.029303981,0.025048709,0.9205986
JPM,2024-03-21,0.94976497,0.02868314,0.02155184,0.9282131
JPM,2024-04-08,0.8632952,0.11709015,0.019614683,0.8436805
JPM,2024-04-12,0.8937885,0.08549959,0.020711858,0.8730767
JPM,2024-04-22,0.9476509,0.030099336,0.022249725,0.9254012
JPM,2024-05-06,0.9413488,0.0320734,0.026577791,0.914771
JPM,2024-05-15,0.9432837,0.034872226,0.021844111,0.9214395
JPM,2024-05-20,0.89769685,0.079689614,0.022613559,0.87508327
JPM,2024-05-23,0.9423432,0.032416154,0.025240665,0.9171025
JPM,2024-06-03,0.9464668,0.028806843,0.024726335,0.92174053
JPM,2024-06-28,0.9084997,0.06988781,0.02161246,0.8868873
JPM,2024-07-12,0.8955893,0.083768144,0.020642567,0.8749467
JPM,2024-07-22,0.9474113,0.030291941,0.022296801,0.92511445
JPM,2024-07-24,0.9514161,0.022863809,0.025720121,0.92569596
JPM,2024-08-20,0.9514888,0.022982344,0.025528828,0.92595994
JPM,2024-09-27,0.94918823,0.02169384,0.029117981,0.92007023
JPM,2024-10-11,0.89396507,0.08546057,0.02057436,0.8733907
JPM,2024-10-17,0.94624496,0.03239589,0.02135916,0.92488575
JPM,2024-10-22,0.94765115,0.02999606,0.022352818,0.92529833
KO,2022-12-12,0.9372206,0.036282364,0.026497085,0.9107235
KO,2023-02-14,0.94071335,0.039131958,0.02015467,0.9205587
KO,2023-04-24,0.94284034,0.036776498,0.020383194,0.9224572
KO,2023-04-26,0.916798,0.060049627,0.023152368,0.89364564
KO,2023-07-19,0.94324136,0.03132277,0.025435843,0.91780555
KO,2023-07-26,0.9417621,0.038239263,0.019998718,0.9217633
KO,2023-10-20,0.92796147,0.050571937,0.021466598,0.90649486
KO,2023-10-24,0.9415825,0.03843224,0.019985247,0.92159724
KO,2024-02-13,0.9403205,0.03952004,0.020159416,0.9201611
KO,2024-04-30,0.94284034,0.036776498,0.020383194,0.9224572
KO,2024-05-02,0.9329898,0.03740295,0.029607281,0.9033825
KO,2024-05-08,0.94413567,0.027095105,0.028769217,0.9153664
KO,2024-05-13,0.94307375,0.02909432,0.027831875,0.9152419
KO,2024-05-14,0.94493866,0.026663132,0.028398247,0.9165404
KO,2024-07-23,0.8763103,0.10334321,0.020346534,0.8559637
KO,2024-08-09,0.9449152,0.026883766,0.028201079,0.9167141
KO,2024-08-14,0.93800926,0.034374453,0.027616233,0.91039306
KO,2024-08-15,0.94535697,0.026620947,0.028022077,0.91733485
KO,2024-08-21,0.924217,0.052999984,0.022783099,0.9014338
KO,2024-10-17,0.9385613,0.036795534,0.024643127,0.91391814
KO,2024-10-23,0.9415825,0.03843224,0.019985247,0.92159724
MSFT,2022-12-16,0.91661847,0.061428074,0.0219535,0.89466494
MSFT,2023-01-18,0.7935654,0.18275806,0.023676597,0.76988876
MSFT,2023-01-24,0.9459543,0.032432146,0.021613557,0.9243407
MSFT,2023-04-25,0.94606453,0.031906217,0.02202927,0.92403525
MSFT,2023-07-03,0.9486873,0.026924852,0.024387818,0.9242995
MSFT,2023-07-25,0.94699633,0.030526005,0.02247766,0.9245187
MSFT,2023-10-11,0.9181112,0.051162105,0.030726664,0.88738453
MSFT,2023-10-13,0.91073906,0.050153147,0.039107792,0.87163126
MSFT,2023-10-16,0.9288331,0.046852045,0.024314828,0.90451837
MSFT,2023-10-24,0.94633806,0.03181225,0.021849655,0.9244884
MSFT,2023-10-30,0.94425154,0.029428441,0.026320053,0.91793144
MSFT,2023-11-06,0.900488,0.07367488,0.025837075,0.87465096
MSFT,2023-12-08,0.91988236,0.05219588,0.027921742,0.8919606
MSFT,2024-01-19,0.93342924,0.04479797,0.021772714,0.91165656
MSFT,2024-01-30,0.9459543,0.032432146,0.021613557,0.9243407
MSFT,2024-03-08,0.9269163,0.042263508,0.030820144,0.89609617
MSFT,2024-04-25,0.94606453,0.031906217,0.02202927,0.92403525
MSFT,2024-07-30,0.94699633,0.030526005,0.02247766,0.9245187
MSFT,2024-08-21,0.9453089,0.033745237,0.020945854,0.924363
MSFT,2024-10-30,0.94633806,0.03181225,0.021849655,0.9244884
NEE,2022-12-21,0.9379655,0.032517735,0.029516798,0.9084487
NEE,2022-12-22,0.9270995,0.044083066,0.028817354,0.8982822
NEE,2023-01-25,0.782353,0.19536838,0.02227864,0.7600743
NEE,2023-02-09,0.9377936,0.039956823,0.022249615,0.91554403
NEE,2023-03-01,0.93909764,0.03728258,0.023619764,0.9154779
NEE,2023-03-03,0.94501066,0.03170111,0.023288246,0.9217224
NEE,2023-03-17,0.9503758,0.026124582,0.023499658,0.9268761
NEE,2023-04-25,0.9224045,0.05786801,0.01972742,0.9026772
NEE,2023-05-18,0.9431493,0.03434225,0.022508457,0.9206409
NEE,2023-05-22,0.9388064,0.03528173,0.025911883,0.91289455
NEE,2023-06-20,0.93954337,0.03812167,0.022334907,0.91720843
NEE,2023-07-25,0.9220934,0.05849538,0.019411203,0.9026822
NEE,2023-08-10,0.93883824,0.038373936,0.022787817,0.91605043
NEE,2023-09-25,0.93464357,0.03041395,0.03494256,0.899701
NEE,2023-10-24,0.91633534,0.06450328,0.01916137,0.897174
NEE,2023-11-16,0.9345551,0.0465943,0.018850511,0.9157046
NEE,2024-01-25,0.9165673,0.06383368,0.019599076,0.89696825
NEE,2024-01-31,0.9407711,0.035764948,0.02346391,0.9173072
NEE,2024-02-28,0.9330555,0.043971978,0.022972573,0.91008294
NEE,2024-03-01,0.9419234,0.035880186,0.022196462,0.91972685
NEE,2024-03-04,0.9421398,0.032367744,0.025492435,0.9166474
NEE,2024-03-07,0.9404712,0.036443207,0.023085639,0.91738546
NEE,2024-04-23,0.9224045,0.05786801,0.01972742,0.9026772
NEE,2024-05-06,0.9278857,0.024729794,0.047384463,0.8805013
NEE,2024-05-28,0.93798584,0.034539763,0.02747442,0.91051143
NEE,2024-06-03,0.94626164,0.03047869,0.023259588,0.9230021
NEE,2024-06-07,0.94160956,0.036494747,0.021895697,0.91971385
NEE,2024-06-11,0.9154381,0.049667533,0.03489438,0.8805437
NEE,2024-06-20,0.9394543,0.03643392,0.024111796,0.9153425
NEE,2024-07-01,0.9307537,0.048363082,0.02088318,0.90987056
NEE,2024-07-10,0.9107701,0.044427376,0.044802513,0.86596763
NEE,2024-07-24,0.9220934,0.05849538,0.019411203,0.9026822
NEE,2024-07-30,0.93808985,0.04058235,0.021327768,0.9167621
NEE,2024-10-23,0.91633534,0.06450328,0.01916137,0.897174
NEE,2024-10-31,0.93836284,0.03584242,0.025794804,0.912568
NUE,2023-01-26,0.9300876,0.04872705,0.021185286,0.90890235
NUE,2023-04-20,0.93445665,0.044375706,0.021167597,0.91328907
NUE,2023-05-12,0.9314991,0.044143848,0.02435696,0.90714216
NUE,2023-07-24,0.93564194,0.04314965,0.0212085,0.9144334
NUE,2023-08-08,0.93750864,0.042148225,0.020343162,0.9171655
NUE,2023-10-23,0.9355642,0.04335548,0.021080315,0.91448385
NUE,2023-12-15,0.92232007,0.036071595,0.041608334,0.88071173
NUE,2024-01-29,0.9330866,0.046092723,0.02082068,0.91226596
NUE,2024-04-22,0.9356758,0.043283086,0.021041103,0.9146347
NUE,2024-05-14,0.9250449,0.048977405,0.025977623,0.8990673
NUE,2024-07-22,0.93703365,0.041800573,0.021165775,0.91586787
NUE,2024-10-21,0.9355642,0.04335548,0.021080315,0.91448385
PG,2022-12-13,0.92549336,0.019799484,0.05470713,0.8707863
PG,2023-01-10,0.9300351,0.047506053,0.022458842,0.90757626
PG,2023-01-19,0.821851,0.15494603,0.02320295,0.79864806
PG,2023-01-26,0.9414673,0.03907702,0.019455709,0.92201155
PG,2023-02-03,0.9417968,0.038460225,0.019742986,0.9220538
PG,2023-04-11,0.94202125,0.033816937,0.024161803,0.91785944
PG,2023-04-21,0.8307296,0.14551853,0.023751838,0.80697775
PG,2023-05-02,0.94136477,0.039121293,0.01951392,0.92185086
PG,2023-07-11,0.93501824,0.04104954,0.023932215,0.911086
PG,2023-07-28,0.81612587,0.1601534,0.023720678,0.7924052
PG,2023-10-10,0.94359934,0.0345071,0.021893531,0.92170584
PG,2023-10-13,0.9383172,0.030890973,0.03079183,0.90752536
PG,2023-10-18,0.8199355,0.15725978,0.02280471,0.7971308
PG,2023-11-01,0.9442734,0.035283975,0.020442609,0.9238308
PG,2023-12-05,0.8975249,0.04899901,0.053476088,0.84404886
PG,2023-12-13,0.9436769,0.030686863,0.025636217,0.9180407
PG,2024-01-09,0.9300351,0.047506053,0.022458842,0.90757626
PG,2024-01-23,0.821851,0.15494603,0.02320295,0.79864806
PG,2024-01-29,0.9418587,0.03823307,0.019908268,0.92195046
PG,2024-04-09,0.93720627,0.04122972,0.021564016,0.91564226
PG,2024-04-19,0.8307296,0.14551853,0.023751838,0.80697775
PG,2024-04-29,0.9429762,0.036965895,0.020057946,0.9229182
PG,2024-07-09,0.93501824,0.04104954,0.023932215,0.911086
PG,2024-07-30,0.8178992,0.15887219,0.023228489,0.7946708
PG,2024-10-08,0.9290514,0.049168922,0.021779722,0.9072716
PG,2024-10-10,0.9365279,0.041352693,0.022119349,0.91440856
PG,2024-10-18,0.8199355,0.15725978,0.02280471,0.7971308
PG,2024-10-24,0.9433671,0.03650888,0.02012406,0.92324305
PLD,2022-12-01,0.94766617,0.026190897,0.026142962,0.92152315
PLD,2022-12-12,0.936612,0.041008756,0.022379186,0.91423285
PLD,2023-01-05,0.86407435,0.105905294,0.03002038,0.834054
PLD,2023-01-06,0.92083097,0.059970185,0.019198798,0.9016322
PLD,2023-01-18,0.8995662,0.07504862,0.025385141,0.8741811
PLD,2023-01-31,0.9456294,0.029274896,0.025095629,0.92053384
PLD,2023-03-30,0.94511634,0.027072689,0.027810939,0.91730547
PLD,2023-04-07,0.9420199,0.024958216,0.033021975,0.90899783
PLD,2023-04-18,0.90999126,0.05863334,0.031375375,0.87861586
PLD,2023-05-08,0.93707216,0.03895842,0.02396943,0.91310275
PLD,2023-05-23,0.9462883,0.028301857,0.02540984,0.9208784
PLD,2023-06-28,0.9414442,0.028980026,0.029575719,0.9118686
PLD,2023-07-18,0.9100061,0.058552194,0.031441614,0.87856454
PLD,2023-08-31,0.91981345,0.034161173,0.046025384,0.87378806
PLD,2023-10-17,0.90960854,0.059113186,0.031278268,0.87833023
PLD,2023-11-15,0.943189,0.031953402,0.02485754,0.91833144
PLD,2024-01-05,0.93781626,0.03175421,0.03042951,0.9073868
PLD,2024-01-17,0.9226448,0.044322196,0.033032946,0.8896119
PLD,2024-01-25,0.9449029,0.029520156,0.025576985,0.9193258
PLD,2024-03-01,0.9464782,0.026701884,0.026819872,0.91965836
PLD,2024-04-17,0.90999126,0.05863334,0.031375375,0.87861586
PLD,2024-05-07,0.9371775,0.033237983,0.029584534,0.90759295
PLD,2024-05-14,0.93809944,0.038277894,0.023622587,0.9144769
PLD,2024-05-22,0.9439657,0.03450024,0.021534063,0.9224316
PLD,2024-07-17,0.9100061,0.058552194,0.031441614,0.87856454
PLD,2024-07-23,0.94365245,0.027426658,0.028920876,0.91473156
PLD,2024-10-16,0.90960854,0.059113186,0.031278268,0.87833023
UNH,2022-11-22,0.95116067,0.027569095,0.021270253,0.9298904
UNH,2022-11-28,0.9518597,0.026558116,0.021582201,0.93027747
UNH,2022-12-12,0.947596,0.028309315,0.02409464,0.9235014
UNH,2023-01-13,0.9520148,0.026394725,0.021590458,0.9304244
UNH,2023-03-28,0.9395607,0.032298222,0.02814105,0.91141963
UNH,2023-04-14,0.95247227,0.02558054,0.021947175,0.93052506
UNH,2023-04-24,0.9453929,0.031327303,0.023279808,0.9221131
UNH,2023-04-28,0.9452625,0.029581646,0.025155859,0.92010665
UNH,2023-05-05,0.9526248,0.026560498,0.020814778,0.93181
UNH,2023-05-30,0.9524486,0.027287303,0.02026407,0.9321845
UNH,2023-06-09,0.9390569,0.036706116,0.024237027,0.91481984
UNH,2023-07-14,0.95226055,0.0261289,0.021610541,0.93065
UNH,2023-09-22,0.9374037,0.03857251,0.024023848,0.91337985
UNH,2023-10-13,0.9515871,0.02703837,0.021374587,0.93021244
UNH,2023-11-03,0.9499033,0.024056379,0.0260403,0.923863
UNH,2023-11-22,0.9513469,0.027381891,0.02127122,0.93007565
UNH,2023-11-28,0.9518166,0.02662541,0.021557968,0.93025863
UNH,2023-12-29,0.62821716,0.33208847,0.039694313,0.58852285
UNH,2024-01-12,0.9520148,0.026394725,0.021590458,0.9304244
UNH,2024-02-07,0.36533162,0.015381378,0.61928695,-0.25395533
UNH,2024-02-09,0.9087516,0.016513918,0.07473452,0.8340171
UNH,2024-02-22,0.8931679,0.072258994,0.034573104,0.85859483
UNH,2024-03-08,0.8715091,0.05811151,0.07037939,0.8011297
UNH,2024-03-21,0.93669724,0.03605325,0.027249513,0.90944767
UNH,2024-03-28,0.94083655,0.038776454,0.020386942,0.9204496
UNH,2024-04-16,0.9523518,0.02572875,0.02191944,0.9304324
UNH,2024-04-17,0.9261005,0.035345186,0.038554285,0.8875462
UNH,2024-04-24,0.93212986,0.04082706,0.02704307,0.90508676
UNH,2024-05-09,0.95108783,0.029453604,0.019458568,0.93162924
UNH,2024-05-15,0.93377846,0.046412725,0.019808844,0.91396964
UNH,2024-05-24,0.95033157,0.031060362,0.018608078,0.9317235
UNH,2024-06-07,0.92700046,0.046761442,0.026238091,0.9007624
UNH,2024-07-16,0.95217925,0.026181493,0.021639269,0.93053997
UNH,2024-07-25,0.933308,0.034450434,0.032241564,0.9010664
UNH,2024-10-15,0.9514773,0.02715954,0.021363188,0.9301141
VZ,2023-01-24,0.9316958,0.037060298,0.031243844,0.900452
VZ,2023-03-03,0.8530073,0.106034376,0.040958293,0.81204903
VZ,2023-04-25,0.9326477,0.03360168,0.033750582,0.8988972
VZ,2023-05-16,0.9246662,0.047305357,0.028028404,0.8966378
VZ,2023-07-25,0.9332302,0.03569051,0.031079244,0.902151
VZ,2023-08-10,0.90287197,0.074643075,0.022484902,0.88038707
VZ,2023-10-24,0.93038917,0.03815812,0.031452723,0.8989364
VZ,2024-01-17,0.022674179,0.96037185,0.016954018,0.005720161
VZ,2024-01-23,0.9294186,0.03780733,0.032774035,0.8966446
VZ,2024-01-24,0.8417944,0.14204654,0.016159086,0.8256353
VZ,2024-02-02,0.109188,0.07521761,0.81559443,-0.7064064
VZ,2024-03-06,0.93121094,0.032194514,0.03659459,0.89461637
VZ,2024-04-22,0.93559384,0.035581306,0.028824873,0.906769
VZ,2024-05-13,0.917133,0.058112863,0.024754195,0.8923788
VZ,2024-05-23,0.8434679,0.13744043,0.019091673,0.8243762
VZ,2024-06-27,0.8589808,0.12168986,0.019329352,0.8396514
VZ,2024-07-22,0.9392624,0.036447912,0.02428967,0.9149728
VZ,2024-07-30,0.94446594,0.035707146,0.019826908,0.92463905
VZ,2024-08-05,0.9432266,0.03629211,0.020481337,0.9227452
VZ,2024-08-20,0.9439812,0.036251567,0.019767307,0.9242138
VZ,2024-09-05,0.9229148,0.05432724,0.022758,0.9001568
VZ,2024-09-09,0.8829051,0.09520681,0.02188807,0.86101705
VZ,2024-09-12,0.8813022,0.08785166,0.030846171,0.850456
VZ,2024-09-30,0.94113827,0.033203293,0.025658412,0.9154799
VZ,2024-10-22,0.9355113,0.03263042,0.031858288,0.90365297
XOM,2022-11-18,0.9438783,0.033597812,0.022523858,0.9213544
XOM,2022-12-02,0.9055927,0.069251835,0.0251555,0.88043714
XOM,2022-12-23,0.9400943,0.035781182,0.02412456,0.9159697
XOM,2023-01-04,0.9444743,0.032273583,0.02325213,0.92122215
XOM,2023-01-26,0.936644,0.041325193,0.022030866,0.9146131
XOM,2023-01-31,0.9215169,0.04260322,0.035879895,0.885637
XOM,2023-02-24,0.8670491,0.015300627,0.11765027,0.7493988
XOM,2023-04-04,0.94452417,0.032225236,0.023250576,0.9212736
XOM,2023-04-28,0.92144966,0.043749977,0.034800366,0.8866493
XOM,2023-06-06,0.92673,0.047438964,0.02583108,0.9008989
XOM,2023-07-05,0.9447883,0.03226572,0.022946041,0.9218422
XOM,2023-07-13,0.94101906,0.03535265,0.02362832,0.91739076
XOM,2023-07-28,0.92157656,0.043496735,0.034926735,0.88664985
XOM,2023-10-04,0.9448316,0.0320537,0.023114666,0.9217169
XOM,2023-10-11,0.9276661,0.04764467,0.024689235,0.90297693
XOM,2023-10-20,0.93927544,0.038824204,0.021900313,0.91737515
XOM,2023-10-27,0.9215353,0.04359608,0.034868628,0.88666666
XOM,2023-11-02,0.94371647,0.037074964,0.019208552,0.9245079
XOM,2023-11-07,0.9389056,0.037207194,0.023887217,0.9150184
XOM,2023-11-15,0.94324297,0.036284156,0.02047289,0.9227701
XOM,2023-12-06,0.9296262,0.047492784,0.022880973,0.90674525
XOM,2024-01-04,0.9444743,0.032273583,0.02325213,0.92122215
XOM,2024-02-02,0.9215356,0.042527955,0.035936467,0.88559914
XOM,2024-02-28,0.92408186,0.05291903,0.022999065,0.9010828
XOM,2024-04-03,0.94452417,0.032225236,0.023250576,0.9212736
XOM,2024-04-26,0.92144966,0.043749977,0.034800366,0.8866493
XOM,2024-05-03,0.93889415,0.032302413,0.028803417,0.91009074
XOM,2024-05-10,0.9454119,0.02977977,0.024808355,0.9206035
XOM,2024-05-31,0.93002677,0.049531277,0.020441944,0.9095848
XOM,2024-07-08,0.9406551,0.0371167,0.022228187,0.91842693
XOM,2024-08-01,0.9321086,0.045671504,0.022219962,0.9098886
XOM,2024-08-02,0.92084837,0.04458506,0.034566574,0.88628185
XOM,2024-10-03,0.9405804,0.037058976,0.022360576,0.91821986
XOM,2024-10-08,0.943406,0.02864876,0.027945263,0.9154607
XOM,2024-10-18,0.87215775,0.106333904,0.021508291,0.8506495
XOM,2024-11-01,0.9207735,0.044801317,0.034425225,0.88634825
XOM,2024-11-12,0.9430811,0.037896566,0.019022359,0.92405874
