ticker,disclosure_date,positive_sentiment,neutral_sentiment,negative_sentiment,compound_sentiment,Date,year,month,day,Symbol,Open,High,Low,Close,Volume,gain_loss,high_vs_prev_day,low_vs_prev_day,volume_vs_prev_day,pct_close_change,pct_volume_change
AAPL,2023-02-02,0.939026,0.04036589,0.02060809,0.91841793,2023-02-02,2023,2,2,AAPL,148.9,151.18,148.17,150.82,116868600.0,1,0,1,0,-2.3819,-24.249
AAPL,2023-03-10,0.9006524,0.047102828,0.052244756,0.8484076,2023-03-10,2023,3,10,AAPL,150.21,150.94,147.61,148.5,68524400.0,0,0,0,0,-1.3092,-18.8649
AAPL,2023-05-04,0.93825614,0.04130525,0.020438652,0.9178175,2023-05-04,2023,5,4,AAPL,164.89,167.04,164.31,165.79,81235400.0,1,0,0,0,-4.4823,-28.311
AAPL,2023-05-10,0.9374924,0.033278946,0.029228628,0.90826374,2023-05-10,2023,5,10,AAPL,173.02,174.03,171.9,173.56,53724500.0,1,0,0,1,-0.1094,8.5021
AAPL,2023-08-03,0.9400084,0.03898698,0.02100464,0.9190037,2023-08-03,2023,8,3,AAPL,191.57,192.37,190.69,191.17,61235200.0,0,1,1,0,5.0442,-47.1197
AAPL,2023-11-02,0.93908536,0.040305108,0.020609528,0.91847587,2023-11-02,2023,11,2,AAPL,175.52,177.78,175.46,177.57,77334800.0,1,1,1,0,0.5208,-3.0451
AAPL,2024-02-01,0.939026,0.04036589,0.02060809,0.91841793,2024-02-01,2024,2,1,AAPL,183.99,186.95,183.82,186.86,64885400.0,1,0,1,0,0.5434,-36.7083
AAPL,2024-02-28,0.90543467,0.054562844,0.040002413,0.86543226,2024-02-28,2024,2,28,AAPL,182.51,183.12,180.13,181.42,48953900.0,0,1,1,0,0.3707,-64.1842
AAPL,2024-05-02,0.93824744,0.041344874,0.020407708,0.91783977,2024-05-02,2024,5,2,AAPL,172.51,173.42,170.89,173.03,92880600.0,1,0,0,0,-5.6337,-43.0963
AAPL,2024-05-03,0.9318509,0.04784426,0.020304827,0.9115461,2024-05-03,2024,5,3,AAPL,186.67,187.0,182.66,183.36,163224109.0,0,1,1,1,0.908,114.0649
AAPL,2024-08-01,0.94000345,0.039021786,0.020974789,0.91902864,2024-08-01,2024,8,1,AAPL,224.37,224.48,217.02,218.36,61877900.0,0,0,0,0,-0.6823,-37.1671
AAPL,2024-08-23,0.9260925,0.055892877,0.018014705,0.9080778,2024-08-23,2024,8,23,AAPL,225.66,228.22,224.33,226.84,38629400.0,1,1,1,1,-0.1497,29.48
AAPL,2024-08-26,0.9380812,0.033893533,0.028025327,0.9100559,2024-08-26,2024,8,26,AAPL,227.21,227.28,223.8905,227.18,29834257.0,0,0,0,0,-0.3728,-16.7844
AAPL,2024-09-10,0.8427575,0.10418083,0.053061645,0.78969586,2024-09-10,2024,9,10,AAPL,218.885,221.48,216.73,220.11,51215441.0,1,0,0,1,-1.1452,16.8166
AAPL,2024-10-31,0.93891764,0.040416785,0.02066558,0.91825205,2024-10-31,2024,10,31,AAPL,229.34,229.83,225.37,225.91,63960700.0,0,1,1,0,1.3458,-1.9642
AMT,2022-12-08,0.92815983,0.04647163,0.02536856,0.90279126,2022-12-08,2022,12,8,AMT,210.39,213.83,209.22,212.25,2465300.0,1,0,0,1,-0.7435,49.7025
AMT,2023-02-23,0.94330394,0.03473568,0.021960374,0.92134356,2023-02-23,2023,2,23,AMT,201.25,203.96,200.0,201.96,3234000.0,1,1,1,1,3.183,18.5919
AMT,2023-03-01,0.95208156,0.025960034,0.021958465,0.9301231,2023-03-01,2023,3,1,AMT,196.52,198.81,192.86,194.89,3261010.0,0,1,0,1,-1.3365,73.0067
AMT,2023-03-02,0.9217578,0.040679976,0.037562173,0.8841956,2023-03-02,2023,3,2,AMT,193.32,198.17,193.2,197.53,1884904.0,1,0,0,0,-2.4543,-7.8061
AMT,2023-03-03,0.935719,0.040241066,0.024039952,0.911679,2023-03-03,2023,3,3,AMT,199.26,202.58,199.09,202.5,2044500.0,1,0,1,1,1.9792,14.3164
AMT,2023-03-08,0.952153,0.021814773,0.02603224,0.92612076,2023-03-08,2023,3,8,AMT,192.13,197.23,191.37,195.77,1603000.0,1,0,1,1,2.3902,9.4998
AMT,2023-03-09,0.92953426,0.04091494,0.029550811,0.89998347,2023-03-09,2023,3,9,AMT,195.59,197.77,190.75,191.2,1463930.0,0,1,1,0,-0.0366,-37.9112
AMT,2023-03-13,0.93965614,0.02955005,0.030793834,0.9088623,2023-03-13,2023,3,13,AMT,190.9,200.99,189.55,196.33,2309936.0,1,1,0,0,-1.7515,-6.1459
AMT,2023-03-31,0.5689505,0.393294,0.037755486,0.531195,2023-03-31,2023,3,31,AMT,201.14,204.49,201.01,204.34,2558000.0,1,1,1,0,1.6111,-11.0635
AMT,2023-04-26,0.94263303,0.035463043,0.021903962,0.92072904,2023-04-26,2023,4,26,AMT,202.55,206.47,200.08,200.34,1789300.0,0,1,0,1,-2.5773,2.5536
AMT,2023-05-09,0.95445156,0.022795111,0.022753254,0.9316983,2023-05-09,2023,5,9,AMT,192.31,194.94,190.85,193.52,1511522.0,1,0,0,0,-1.4463,-7.1989
AMT,2023-05-16,0.93689114,0.03899155,0.024117285,0.9127739,2023-05-16,2023,5,16,AMT,195.23,196.1453,190.97,191.04,1395580.0,0,1,1,1,-1.91,18.1521
AMT,2023-05-22,0.9536496,0.023964267,0.022386122,0.93126345,2023-05-22,2023,5,22,AMT,191.0,195.03,190.28,193.47,1753997.0,1,1,1,0,2.8275,-0.0878
AMT,2023-05-25,0.93389887,0.03952032,0.02658081,0.90731806,2023-05-25,2023,5,25,AMT,184.58,184.65,181.65,182.56,2597937.0,0,1,1,0,0.2086,-3.5007
AMT,2023-06-29,0.8787167,0.089711785,0.03157151,0.84714526,2023-06-29,2023,6,29,AMT,189.81,193.02,188.6801,192.73,2674172.0,1,0,0,0,-0.6239,-17.5446
AMT,2023-07-20,0.9396577,0.040037952,0.020304326,0.91935337,2023-07-20,2023,7,20,AMT,182.82,184.86,179.21,184.65,4163961.0,1,0,0,0,-0.1298,-6.9361
AMT,2023-07-27,0.94306666,0.034959882,0.021973427,0.9210932,2023-07-27,2023,7,27,AMT,194.42,200.81,193.19,193.23,2969643.0,0,1,1,1,2.2543,73.1987
AMT,2023-09-12,0.9528295,0.023634043,0.023536496,0.92929304,2023-09-12,2023,9,12,AMT,179.35,179.615,175.4,179.19,1341477.0,0,1,0,0,1.2659,-18.1534
AMT,2023-09-15,0.93721706,0.03834432,0.024438567,0.91277856,2023-09-15,2023,9,15,AMT,180.97,182.43,179.235,180.14,3514612.0,0,1,1,1,0.3398,134.4447
AMT,2023-09-20,0.9358261,0.037533127,0.026640736,0.9091854,2023-09-20,2023,9,20,AMT,178.99,179.71,177.04,177.41,1885806.0,0,1,1,0,4.7779,-24.5582
AMT,2023-10-26,0.94286513,0.03521142,0.021923495,0.92094165,2023-10-26,2023,10,26,AMT,163.0,177.22,162.5503,175.06,5013466.0,1,1,0,1,1.785,77.1808
AMT,2023-12-14,0.92670184,0.047011048,0.026287137,0.9004147,2023-12-14,2023,12,14,AMT,215.46,218.48,211.24,212.17,2975050.0,0,1,1,0,0.0094,-20.0779
AMT,2024-01-05,0.9321507,0.037703015,0.030146234,0.9020045,2024-01-05,2024,1,5,AMT,213.7,216.25,213.04,214.28,1884018.0,1,1,1,1,-0.833,10.6155
AMT,2024-02-07,0.91998893,0.01990359,0.06010751,0.8598814,2024-02-07,2024,2,7,AMT,192.29,193.86,190.55,193.62,2254848.0,1,0,0,1,-0.0103,12.6768
AMT,2024-02-27,0.94330394,0.03473568,0.021960374,0.92134356,2024-02-27,2024,2,27,AMT,189.19,190.61,181.16,186.68,4672171.0,0,0,0,1,-3.654,15.103
AMT,2024-03-01,0.91371477,0.046628553,0.039656702,0.87405807,2024-03-01,2024,3,1,AMT,198.9,202.05,196.15,201.76,3473494.0,1,0,0,1,-2.1295,21.7977
AMT,2024-03-04,0.9518944,0.025825888,0.02227978,0.9296146,2024-03-04,2024,3,4,AMT,201.43,206.52,198.99,206.15,2851856.0,1,0,0,1,0.3554,15.4656
AMT,2024-03-07,0.9364314,0.04010175,0.023466887,0.9129645,2024-03-07,2024,3,7,AMT,207.63,207.93,203.795,204.73,2085790.0,0,0,0,0,-1.2445,-3.2549
AMT,2024-03-14,0.9020185,0.05370068,0.04428089,0.85773754,2024-03-14,2024,3,14,AMT,201.02,202.55,196.21,199.19,2010395.0,0,1,1,0,0.9375,-39.9335
AMT,2024-04-30,0.94263303,0.035463043,0.021903962,0.92072904,2024-04-30,2024,4,30,AMT,175.53,176.92,170.46,171.56,3710749.0,0,0,0,0,-2.9857,-4.3023
AMT,2024-05-22,0.95445156,0.022795111,0.022753254,0.9316983,2024-05-22,2024,5,22,AMT,193.59,194.24,190.22,191.34,1681095.0,0,1,1,0,2.5402,-4.9586
AMT,2024-05-24,0.91104084,0.060773466,0.028185682,0.8828552,2024-05-24,2024,5,24,AMT,187.15,188.5103,185.54,185.93,1257941.0,0,1,1,0,0.4864,-31.2011
AMT,2024-05-29,0.9383971,0.037828255,0.023774631,0.9146225,2024-05-29,2024,5,29,AMT,183.35,186.48,183.04,185.32,1977702.0,1,0,0,0,-2.8619,-30.6182
AMT,2024-07-30,0.94306666,0.034959882,0.021973427,0.9210932,2024-07-30,2024,7,30,AMT,220.0,223.46,217.61,223.05,2447841.0,1,1,0,0,1.2024,-16.291
AMT,2024-09-12,0.9412017,0.03373818,0.025060069,0.9161416,2024-09-12,2024,9,12,AMT,239.0,239.5,233.94,237.14,2003818.0,0,1,0,1,-0.5702,1.0284
AMT,2024-10-29,0.94286513,0.03521142,0.021923495,0.92094165,2024-10-29,2024,10,29,AMT,215.16,220.0,211.55,212.91,3591423.0,0,1,0,1,-0.267,47.3208
AMT,2024-10-31,0.92396253,0.050690737,0.025346752,0.8986158,2024-10-31,2024,10,31,AMT,211.28,216.29,209.7,213.54,1961938.0,1,0,0,0,1.0792,-1.3671
AMZN,2022-11-18,0.94708747,0.027141666,0.025770897,0.92131656,2022-11-18,2022,11,18,AMZN,95.95,95.99,92.48,94.14,72336500.0,0,1,1,0,1.817,-14.2224
AMZN,2022-12-01,0.9431879,0.02950551,0.02730654,0.9158814,2022-12-01,2022,12,1,AMZN,96.99,97.23,94.92,95.5,68487969.0,0,1,1,0,1.4554,-5.4386
AMZN,2023-01-03,0.9429116,0.033825558,0.023262741,0.91964895,2023-01-03,2023,1,3,AMZN,85.46,86.96,84.205,85.82,76706039.0,1,0,1,1,0.7987,11.3536
AMZN,2023-01-06,0.9399731,0.039903656,0.020123195,0.91984993,2023-01-06,2023,1,6,AMZN,83.03,86.4,81.43,86.08,83219100.0,1,0,0,1,-1.4652,27.5075
AMZN,2023-02-02,0.9310124,0.04735843,0.02162924,0.9093832,2023-02-02,2023,2,2,AMZN,110.245,114.0,108.88,112.91,158154243.0,1,1,1,1,9.2079,9.6972
AMZN,2023-04-12,0.9482947,0.029555034,0.022150286,0.9261444,2023-04-12,2023,4,12,AMZN,100.4,100.51,97.71,97.83,56639400.0,0,0,0,0,-4.4629,-16.508
AMZN,2023-04-27,0.9375361,0.040130742,0.0223331,0.9152031,2023-04-27,2023,4,27,AMZN,108.16,110.86,106.8,109.82,144333600.0,1,1,1,1,4.1441,10.5454
AMZN,2023-05-26,0.92842,0.04066445,0.030915592,0.8975044,2023-05-26,2023,5,26,AMZN,116.04,121.5,116.02,120.11,96779891.0,1,0,0,1,-1.274,50.4784
AMZN,2023-08-03,0.93730754,0.040813383,0.0218791,0.91542846,2023-08-03,2023,8,3,AMZN,127.48,129.84,126.41,128.91,91163742.0,1,0,0,0,-7.6377,-40.4659
AMZN,2023-09-13,0.9443289,0.026876794,0.028794251,0.9155347,2023-09-13,2023,9,13,AMZN,140.95,144.98,140.865,144.85,60465180.0,1,0,0,0,0.0898,-5.5727
AMZN,2023-10-26,0.9359755,0.04252287,0.02150165,0.91447383,2023-10-26,2023,10,26,AMZN,120.63,121.6393,118.35,119.57,100419508.0,0,0,0,0,-6.3958,-19.8627
AMZN,2023-11-01,0.94881904,0.02460752,0.02657348,0.9222455,2023-11-01,2023,11,1,AMZN,133.96,137.35,133.71,137.0,61529406.0,1,0,0,1,-0.775,17.7896
AMZN,2024-02-01,0.9310124,0.04735843,0.02162924,0.9093832,2024-02-01,2024,2,1,AMZN,155.87,159.76,155.62,159.28,76542414.0,1,0,0,0,-7.2929,-34.701
AMZN,2024-04-10,0.94137174,0.019385364,0.039242882,0.9021288,2024-04-10,2024,4,10,AMZN,182.765,186.2699,182.67,185.95,35879151.0,1,0,0,0,-1.6398,-10.3486
AMZN,2024-04-30,0.9375361,0.040130742,0.0223331,0.9152031,2024-04-30,2024,4,30,AMZN,181.09,182.99,174.8,175.0,94639786.0,0,0,0,0,-2.2346,-0.0057
AMZN,2024-05-03,0.9368428,0.044105984,0.019051153,0.9177916,2024-05-03,2024,5,3,AMZN,186.99,187.87,185.42,186.21,39172004.0,0,0,1,1,-1.3196,12.8054
AMZN,2024-05-14,0.83825374,0.14319111,0.018555176,0.8196986,2024-05-14,2024,5,14,AMZN,183.82,187.72,183.45,187.07,38698155.0,1,1,1,0,0.5807,-48.7169
AMZN,2024-05-24,0.925692,0.05012662,0.024181396,0.9015106,2024-05-24,2024,5,24,AMZN,181.65,182.435,180.3,180.75,27471640.0,0,1,1,0,-0.7686,-8.2044
AMZN,2024-08-01,0.93730754,0.040813383,0.0218791,0.91542846,2024-08-01,2024,8,1,AMZN,189.285,190.6,181.87,184.07,70435635.0,0,1,1,0,9.6307,-50.204
AMZN,2024-10-31,0.9359755,0.04252287,0.02150165,0.91447383,2024-10-31,2024,10,31,AMZN,190.51,190.6,185.23,186.4,75146759.0,0,0,0,0,-5.8253,-24.6179
BA,2022-11-28,0.9080162,0.073972985,0.018010844,0.89000535,2022-11-28,2022,11,28,BA,176.17,177.14,171.7,171.83,5355500.0,0,1,0,1,-1.9906,5.5916
BA,2022-12-12,0.886129,0.0758398,0.038031228,0.84809774,2022-12-12,2022,12,12,BA,180.8,186.69,180.5,186.27,8081600.0,1,0,0,0,-0.4596,-26.3058
BA,2022-12-22,0.94026136,0.031750754,0.027987935,0.9122734,2022-12-22,2022,12,22,BA,193.82,194.17,185.67,188.25,6924800.0,0,1,1,1,-0.4284,73.8331
BA,2023-01-25,0.87172806,0.10877221,0.019499697,0.8522284,2023-01-25,2023,1,25,BA,205.8,214.75,203.11,212.68,16095700.0,1,1,0,1,-0.0235,121.0583
BA,2023-02-17,0.9414941,0.027845783,0.030660175,0.9108339,2023-02-17,2023,2,17,BA,211.21,211.76,207.6196,211.66,4985686.0,1,1,1,1,2.9875,7.1039
BA,2023-03-15,0.9304648,0.03955646,0.029978745,0.90048605,2023-03-15,2023,3,15,BA,201.92,202.175,192.43,198.21,10029614.0,0,0,0,1,-2.4509,48.5401
BA,2023-04-11,0.9459515,0.035635438,0.0184131,0.9275384,2023-04-11,2023,4,11,BA,213.29,214.4999,211.86,212.32,5277549.0,0,1,1,1,-0.0094,14.7212
BA,2023-04-19,0.9281501,0.05049521,0.02135467,0.90679544,2023-04-19,2023,4,19,BA,207.12,210.87,206.95,208.71,4757402.0,1,1,1,1,0.7142,43.1698
BA,2023-04-26,0.87958145,0.100067,0.020351559,0.8592299,2023-04-26,2023,4,26,BA,208.25,211.7,202.68,203.03,9127100.0,0,1,0,1,-1.4609,79.9648
BA,2023-07-26,0.8882996,0.092111535,0.01958887,0.8687107,2023-07-26,2023,7,26,BA,222.16,233.09,221.77,232.8,24923800.0,1,0,0,1,-0.4064,107.3821
BA,2023-08-24,0.9336894,0.04055958,0.025750957,0.9079385,2023-08-24,2023,8,24,BA,222.51,224.2,217.09,217.31,9132600.0,0,1,1,0,-2.7304,-26.0656
BA,2023-09-05,0.9310144,0.046871927,0.022113651,0.9089008,2023-09-05,2023,9,5,BA,223.1,224.09,221.2,222.57,3246500.0,0,1,1,0,2.1198,-23.314
BA,2023-09-22,0.94527143,0.0318232,0.022905378,0.9223661,2023-09-22,2023,9,22,BA,199.96,200.74,197.14,197.71,4450900.0,0,1,1,1,-0.5383,26.1915
BA,2023-10-25,0.87671363,0.103951566,0.019334849,0.8573787,2023-10-25,2023,10,25,BA,186.0,187.0,176.25,177.73,13806400.0,0,1,0,1,-0.7594,98.3165
BA,2023-12-11,0.9434557,0.03485841,0.021685923,0.92176974,2023-12-11,2023,12,11,BA,243.5,248.08,243.31,248.08,7545000.0,1,0,0,1,-0.2212,31.924
BA,2024-01-31,0.8499893,0.12983115,0.020179555,0.82980967,2024-01-31,2024,1,31,BA,204.92,213.77,203.25,211.04,22409381.0,1,0,0,1,0.5862,109.8412
BA,2024-03-25,0.92053396,0.056599617,0.022866355,0.89766765,2024-03-25,2024,3,25,BA,196.01,196.18,189.5001,191.41,12951640.0,0,1,1,1,2.0853,44.3769
BA,2024-04-24,0.86809635,0.11086851,0.021035131,0.8470613,2024-04-24,2024,4,24,BA,176.5,177.64,162.74,164.33,20878981.0,0,1,1,1,-1.4867,66.9934
BA,2024-05-03,0.9386207,0.035795107,0.025584206,0.91303647,2024-05-03,2024,5,3,BA,179.59,180.49,177.9,179.79,5416263.0,1,0,1,0,0.8074,-54.5208
BA,2024-05-17,0.9336929,0.041193202,0.025113946,0.90857893,2024-05-17,2024,5,17,BA,183.25,185.3799,181.22,184.95,5562368.0,1,0,0,0,-0.8896,-10.676
BA,2024-07-01,0.9282096,0.044788416,0.027001956,0.9012077,2024-07-01,2024,7,1,BA,182.2,189.47,182.2,186.7,9055460.0,1,1,0,1,0.6903,120.3032
BA,2024-07-31,0.9077613,0.06801977,0.024218962,0.88354224,2024-07-31,2024,7,31,BA,189.88,196.95,183.86,190.6,15416951.0,1,1,1,1,6.8925,11.0174
BA,2024-09-13,0.029773965,0.9589442,0.011281907,0.018492058,2024-09-13,2024,9,13,BA,159.78,162.8899,155.6,156.77,19003354.0,0,1,1,1,0.7843,90.8895
BA,2024-09-20,0.9399702,0.038802937,0.021226898,0.9187433,2024-09-20,2024,9,20,BA,154.01,154.64,152.6,153.29,13919395.0,0,0,1,1,-1.9258,11.5622
BA,2024-10-11,0.91719127,0.060440693,0.02236797,0.8948233,2024-10-11,2024,10,11,BA,146.3,151.12,146.3,151.02,10688553.0,1,1,1,1,1.3625,9.7726
BA,2024-10-15,0.9397545,0.031818483,0.028427035,0.91132754,2024-10-15,2024,10,15,BA,150.5,153.95,148.55,152.35,11241668.0,1,0,0,1,-1.6462,34.5307
BA,2024-10-23,0.862515,0.11729017,0.020194808,0.8423202,2024-10-23,2024,10,23,BA,160.0,161.4725,153.53,157.06,15931493.0,0,1,1,1,1.1985,62.9928
BA,2024-10-30,0.9344004,0.034038078,0.031561483,0.9028389,2024-10-30,2024,10,30,BA,152.51,156.91,152.51,154.29,50738362.0,1,1,1,1,3.3353,72.6487
BA,2024-10-31,0.94423026,0.0291366,0.026633143,0.9175971,2024-10-31,2024,10,31,BA,154.31,154.48,147.88,149.31,29388204.0,0,0,0,1,-3.4155,55.5383
BAC,2022-12-16,0.94550705,0.031196002,0.02329697,0.9222101,2022-12-16,2022,12,16,BAC,31.62,31.93,31.35,31.7,61773400.0,1,0,0,1,-1.1229,60.9768
BAC,2023-01-13,0.94724965,0.03250843,0.02024197,0.9270077,2023-01-13,2023,1,13,BAC,34.2,35.39,33.09,35.23,89667817.0,1,1,0,1,2.0568,58.8211
BAC,2023-02-03,0.6936712,0.029940387,0.27638838,0.41728285,2023-02-03,2023,2,3,BAC,36.02,36.76,35.9,36.43,37396600.0,1,1,0,1,0.165,26.9265
BAC,2023-03-31,0.9484452,0.02949319,0.022061624,0.9263836,2023-03-31,2023,3,31,BAC,28.62,28.68,28.26,28.6,56417400.0,0,0,0,1,0.035,8.6128
BAC,2023-04-18,0.9470188,0.033131067,0.019850181,0.9271686,2023-04-18,2023,4,18,BAC,30.8,30.93,29.8,30.56,114361100.0,0,1,1,1,1.6633,75.4999
BAC,2023-04-28,0.9369018,0.04076777,0.022330405,0.91457134,2023-04-28,2023,4,28,BAC,28.53,29.43,28.51,29.28,45532800.0,1,0,0,1,0.8264,33.6182
BAC,2023-06-26,0.9507439,0.026186556,0.023069587,0.9276743,2023-06-26,2023,6,26,BAC,27.8,28.28,27.79,28.09,47519246.0,1,0,0,1,-0.5312,21.5893
BAC,2023-07-05,0.94099617,0.0217207,0.037283115,0.9037131,2023-07-05,2023,7,5,BAC,29.14,29.42,28.945,29.08,37491980.0,0,1,1,0,2.8289,-28.1246
BAC,2023-07-18,0.9470251,0.033045728,0.019929118,0.92709607,2023-07-18,2023,7,18,BAC,30.0,30.86,29.92,30.7,98253852.0,1,0,0,1,-2.6324,39.1308
BAC,2023-09-29,0.9445775,0.032847133,0.022575352,0.92200214,2023-09-29,2023,9,29,BAC,27.89,27.99,27.27,27.38,40645848.0,0,1,1,0,2.5468,-19.3352
BAC,2023-10-17,0.9467998,0.033466753,0.019733442,0.9270663,2023-10-17,2023,10,17,BAC,27.05,27.87,26.72,27.62,95344211.0,1,0,0,1,1.1351,39.451
BAC,2024-01-08,0.93818444,0.036195807,0.025619805,0.91256464,2024-01-08,2024,1,8,BAC,34.3,34.3,33.64,34.16,40253887.0,0,1,1,1,1.576,2.5085
BAC,2024-01-12,0.94724965,0.03250843,0.02024197,0.9270077,2024-01-12,2024,1,12,BAC,32.25,33.19,31.96,32.8,74344289.0,1,1,1,1,2.1171,27.2566
BAC,2024-02-02,0.49834993,0.028820332,0.4728297,0.025520235,2024-02-02,2024,2,2,BAC,33.37,33.71,33.17,33.47,40416031.0,1,1,1,0,1.455,-7.2453
BAC,2024-04-16,0.9470188,0.033131067,0.019850181,0.9271686,2024-04-16,2024,4,16,BAC,36.095,36.17,34.15,34.68,95566094.0,0,1,0,1,-1.5612,44.9039
BAC,2024-04-26,0.9390405,0.038419437,0.0225401,0.9165004,2024-04-26,2024,4,26,BAC,37.93,38.31,37.78,37.83,28668680.0,0,1,1,1,0.7457,7.9234
BAC,2024-05-10,0.94355804,0.037858926,0.018583087,0.9249749,2024-05-10,2024,5,10,BAC,38.48,38.78,38.325,38.45,27359138.0,0,0,1,1,0.6281,13.7091
BAC,2024-06-21,0.9335691,0.042458788,0.023972102,0.909597,2024-06-21,2024,6,21,BAC,39.855,39.905,39.37,39.49,72251511.0,0,0,0,1,-1.3243,132.5826
BAC,2024-06-28,0.9204695,0.029429687,0.050100762,0.8703688,2024-06-28,2024,6,28,BAC,39.74,40.055,39.315,39.77,52028199.0,1,0,0,1,-0.5999,94.3492
BAC,2024-07-16,0.9470251,0.033045728,0.019929118,0.92709607,2024-07-16,2024,7,16,BAC,42.52,44.4,42.22,44.13,75953347.0,1,0,0,1,0.3411,15.5838
BAC,2024-07-24,0.9520013,0.02433594,0.023662783,0.9283385,2024-07-24,2024,7,24,BAC,42.28,42.75,42.07,42.19,36567180.0,0,1,1,0,1.2236,-12.0798
BAC,2024-10-15,0.9467998,0.033466753,0.019733442,0.9270663,2024-10-15,2024,10,15,BAC,43.225,43.3615,42.05,42.14,61489989.0,0,1,0,1,-1.5421,44.8943
CAT,2023-01-31,0.93748045,0.04117271,0.021346845,0.91613364,2023-01-31,2023,1,31,CAT,257.0,257.39,246.41,252.29,10985400.0,0,1,1,1,1.102,82.4787
CAT,2023-02-02,0.946573,0.028142411,0.025284573,0.92128843,2023-02-02,2023,2,2,CAT,249.33,249.53,241.8,244.9,6127700.0,0,0,0,1,-1.1543,48.2233
CAT,2023-04-27,0.94005185,0.038458064,0.021490091,0.91856176,2023-04-27,2023,4,27,CAT,210.48,216.08,204.04,214.33,7706600.0,1,0,0,1,-2.043,65.066
CAT,2023-06-20,0.9411764,0.028363442,0.030460201,0.9107162,2023-06-20,2023,6,20,CAT,242.33,243.22,240.55,241.15,2979800.0,0,0,1,1,-0.1367,3.0182
CAT,2023-08-01,0.94081837,0.03748105,0.021700606,0.91911775,2023-08-01,2023,8,1,CAT,272.75,288.78,270.5,288.65,11823200.0,1,0,0,1,0.3756,88.019
CAT,2023-08-09,0.815525,0.15383884,0.030636113,0.78488886,2023-08-09,2023,8,9,CAT,284.66,287.12,283.88,284.53,3088600.0,0,0,1,1,0.2502,16.6786
CAT,2023-09-01,0.93281895,0.035762478,0.03141851,0.9014005,2023-09-01,2023,9,1,CAT,284.8,287.07,283.65,286.25,2335400.0,1,0,1,0,1.6405,-7.1633
CAT,2023-10-16,0.9284744,0.034316394,0.03720915,0.8912653,2023-10-16,2023,10,16,CAT,272.12,273.97,269.58,270.79,1678600.0,0,0,1,0,-0.6822,-20.4493
CAT,2023-10-31,0.9394075,0.039250337,0.021342224,0.91806525,2023-10-31,2023,10,31,CAT,227.65,230.54,223.76,226.05,12093300.0,0,0,0,1,-2.4932,145.161
CAT,2023-12-14,0.9463073,0.03016965,0.023523128,0.92278415,2023-12-14,2023,12,14,CAT,272.45,285.46,270.55,285.17,6464100.0,1,0,0,1,-0.1995,2.2801
CAT,2024-02-05,0.93837243,0.040284727,0.021342812,0.9170297,2024-02-05,2024,2,5,CAT,334.87,334.87,315.91,321.4,6557542.0,0,1,0,1,-0.409,132.0109
CAT,2024-04-03,0.8629278,0.01997973,0.11709242,0.7458354,2024-04-03,2024,4,3,CAT,365.49,376.07,364.6,375.79,2623737.0,1,0,0,1,1.6225,5.279
CAT,2024-04-25,0.94005185,0.038458064,0.021490091,0.91856176,2024-04-25,2024,4,25,CAT,330.44,341.94,330.32,338.0,6459595.0,1,0,0,1,-1.5668,94.2952
CAT,2024-06-14,0.94271755,0.029216811,0.028065613,0.9146519,2024-06-14,2024,6,14,CAT,321.39,322.675,315.85,321.47,190.0,1,0,0,0,-0.2885,-99.9941
CAT,2024-08-06,0.94081837,0.03748105,0.021700606,0.91911775,2024-08-06,2024,8,6,CAT,314.05,332.17,310.5,326.44,4921592.0,1,0,0,1,0.1964,63.4143
CAT,2024-09-04,0.92273253,0.04241316,0.03485434,0.8878781,2024-09-04,2024,9,4,CAT,338.59,340.85,335.29,336.75,1679647.0,0,1,1,0,0.9563,-28.341
CAT,2024-10-11,0.942233,0.03727757,0.02048941,0.92174363,2024-10-11,2024,10,11,CAT,396.64,403.6,396.64,402.02,2110351.0,1,1,1,0,2.0485,-29.7985
CAT,2024-10-30,0.9394075,0.039250337,0.021342224,0.91806525,2024-10-30,2024,10,30,CAT,374.0,388.26,367.2,379.24,4032528.0,1,1,0,1,0.8081,70.1017
CMCSA,2023-10-03,0.9478605,0.025783353,0.026356176,0.92150426,2023-10-03,2023,10,3,CMCSA,43.87,44.13,43.31,43.45,16980480.0,0,1,1,0,-0.046,-18.1275
CMCSA,2023-10-26,0.9503901,0.027749475,0.021860436,0.92852974,2023-10-26,2023,10,26,CMCSA,40.05,40.46,39.08,39.15,50005449.0,0,1,1,1,-1.2361,39.1012
CMCSA,2023-12-06,0.932996,0.048008244,0.01899572,0.9140003,2023-12-06,2023,12,6,CMCSA,41.77,42.07,41.285,41.69,16619920.0,0,0,0,0,-1.1382,-14.8674
CMCSA,2024-01-25,0.9500494,0.028141368,0.02180921,0.92824024,2024-01-25,2024,1,25,CMCSA,43.7,46.34,43.57,45.27,29722119.0,1,1,0,1,-2.1401,47.9715
CMCSA,2024-04-15,0.9374385,0.03823013,0.024331339,0.91310716,2024-04-15,2024,4,15,CMCSA,39.75,39.915,39.11,39.43,21293667.0,0,1,1,1,0.7924,12.5046
CMCSA,2024-04-25,0.95038295,0.027852908,0.021764081,0.9286189,2024-04-25,2024,4,25,CMCSA,38.65,39.2399,37.19,37.87,37827635.0,0,1,1,1,-1.8149,27.0098
CMCSA,2024-05-17,0.9358633,0.03614339,0.02799332,0.90787,2024-05-17,2024,5,17,CMCSA,39.28,39.385,38.91,39.27,13733368.0,0,1,1,1,0.153,9.5735
CMCSA,2024-05-22,0.94177693,0.03163737,0.026585672,0.9151913,2024-05-22,2024,5,22,CMCSA,39.19,39.19,38.66,38.89,17752945.0,0,1,1,1,0.5429,10.3916
CMCSA,2024-06-12,0.94316,0.036802195,0.020037781,0.9231222,2024-06-12,2024,6,12,CMCSA,38.53,38.64,37.48,37.83,18902108.0,0,1,1,1,0.6652,2.0917
CMCSA,2024-07-23,0.9505774,0.027300538,0.022122117,0.92845523,2024-07-23,2024,7,23,CMCSA,39.41,39.57,36.965,38.51,30777471.0,0,1,0,1,1.1027,31.2588
CMCSA,2024-09-23,0.9349628,0.044443905,0.020593304,0.9143695,2024-09-23,2024,9,23,CMCSA,40.21,40.92,40.12,40.73,21977275.0,1,0,0,0,-1.4994,-9.168
CMCSA,2024-09-26,0.94276446,0.030570216,0.026665298,0.9160992,2024-09-26,2024,9,26,CMCSA,40.71,41.075,40.655,41.02,19316723.0,1,0,0,1,-1.489,10.4366
CMCSA,2024-10-31,0.9503901,0.027749475,0.021860436,0.92852974,2024-10-31,2024,10,31,CMCSA,45.205,45.31,42.835,43.67,35198352.0,0,1,0,1,0.2525,40.353
CVX,2022-12-07,0.9337206,0.045615517,0.02066388,0.91305673,2022-12-07,2022,12,7,CVX,171.06,174.5699,170.85,172.52,6932861.0,1,0,0,0,-0.5878,-14.1346
CVX,2023-01-27,0.9225262,0.043514084,0.0339597,0.8885665,2023-01-27,2023,1,27,CVX,184.23,184.23,177.92,179.45,19633700.0,0,1,1,1,3.0138,96.064
CVX,2023-04-28,0.92994845,0.05123184,0.018819716,0.91112876,2023-04-28,2023,4,28,CVX,164.5,168.94,164.05,168.58,10033600.0,1,1,0,1,0.8012,64.4906
CVX,2023-05-22,0.9367731,0.03802669,0.025200246,0.9115729,2023-05-22,2023,5,22,CVX,153.79,154.83,152.09,152.44,11661000.0,0,0,0,1,-2.8116,11.7361
CVX,2023-06-02,0.9217922,0.049314436,0.02889338,0.89289886,2023-06-02,2023,6,2,CVX,154.58,156.75,153.61,156.26,9460100.0,1,0,0,1,0.4823,46.8093
CVX,2023-07-24,0.9384067,0.041089028,0.02050427,0.91790247,2023-07-24,2023,7,24,CVX,160.47,164.04,160.01,161.82,9722100.0,1,1,0,1,-0.4552,43.6565
CVX,2023-07-26,0.89766526,0.07603826,0.026296524,0.87136877,2023-07-26,2023,7,26,CVX,160.88,162.09,160.55,161.34,6056400.0,1,0,1,0,1.0522,-6.394
CVX,2023-07-28,0.9296465,0.05167978,0.018673737,0.9109727,2023-07-28,2023,7,28,CVX,158.41,159.0,156.51,158.87,6542300.0,1,0,0,0,-2.9268,-49.8916
CVX,2023-08-07,0.9419864,0.03568677,0.022326827,0.91965955,2023-08-07,2023,8,7,CVX,161.01,161.38,159.08,159.89,13927400.0,0,1,1,1,0.1503,115.8852
CVX,2023-10-23,0.91222686,0.054321606,0.033451524,0.8787753,2023-10-23,2023,10,23,CVX,163.3,164.43,160.25,160.68,16232400.0,0,1,1,0,2.5726,-8.2392
CVX,2023-10-27,0.9291021,0.052392524,0.018505367,0.9105967,2023-10-27,2023,10,27,CVX,150.72,151.25,143.96,144.35,24524300.0,0,1,0,1,-1.191,76.98
CVX,2023-11-24,0.9428541,0.03018277,0.02696313,0.915891,2023-11-24,2023,11,24,CVX,144.3,145.94,144.2,144.9,3861000.0,1,1,1,0,0.3741,-60.8052
CVX,2023-12-08,0.86540884,0.09990069,0.034690477,0.83071834,2023-12-08,2023,12,8,CVX,143.51,144.67,143.12,144.31,10820300.0,1,0,0,1,-0.0277,9.8552
CVX,2024-01-02,0.9070754,0.05746358,0.035461012,0.8716144,2024-01-02,2024,1,2,CVX,149.99,151.48,149.24,149.48,8879700.0,0,0,1,0,-1.8709,-13.4136
CVX,2024-02-02,0.9318967,0.036655087,0.031448234,0.9004485,2024-02-02,2024,2,2,CVX,150.86,153.38,149.55,152.24,12838400.0,1,0,0,1,-0.0591,55.0943
CVX,2024-04-26,0.92994845,0.05123184,0.018819716,0.91112876,2024-04-26,2024,4,26,CVX,165.23,166.98,163.3,165.89,9736350.0,1,0,0,1,-0.2645,52.9249
CVX,2024-05-31,0.92035514,0.05082519,0.02881973,0.8915354,2024-05-31,2024,5,31,CVX,158.63,162.58,158.51,162.3,10334227.0,1,1,1,1,3.0738,14.6981
CVX,2024-07-31,0.85429317,0.10827608,0.03743078,0.8168624,2024-07-31,2024,7,31,CVX,161.69,161.69,160.05,160.47,6209200.0,0,1,1,0,5.1435,-62.7968
CVX,2024-08-02,0.90498126,0.07574346,0.019275334,0.8857058,2024-08-02,2024,8,2,CVX,151.13,152.04,147.02,148.55,13278620.0,0,1,1,1,2.6891,1.8519
CVX,2024-09-30,0.9286858,0.04366458,0.027649643,0.90103614,2024-09-30,2024,9,30,CVX,145.37,147.48,144.28,147.27,7494591.0,1,0,0,0,-1.6232,-21.0191
CVX,2024-10-07,0.9450112,0.025733044,0.029255778,0.9157554,2024-10-07,2024,10,7,CVX,151.5,152.75,150.69,151.12,5895852.0,0,1,1,1,1.5933,0.0528
CVX,2024-11-01,0.92908347,0.05231016,0.01860638,0.9104771,2024-11-01,2024,11,1,CVX,152.48,155.93,151.7,153.07,11724300.0,1,1,0,1,-0.5845,91.2622
DOW,2023-01-26,0.89348197,0.068241335,0.038276702,0.8552053,2023-01-26,2023,1,26,DOW,56.66,58.57,55.83,58.12,8002585.0,1,0,0,1,-1.4414,18.1488
DOW,2023-01-31,0.9290459,0.05236037,0.018593732,0.91045225,2023-01-31,2023,1,31,DOW,58.07,59.45,57.82,59.35,5739125.0,1,0,0,1,-1.4447,1.6663
DOW,2023-04-18,0.9365305,0.041234717,0.022234857,0.9142956,2023-04-18,2023,4,18,DOW,57.01,57.24,56.385,56.78,3354600.0,0,1,1,0,0.6024,-12.3668
DOW,2023-04-25,0.9163078,0.064979315,0.018712875,0.8975949,2023-04-25,2023,4,25,DOW,54.46,55.0,52.5,52.5,8365200.0,0,1,1,1,-0.1521,40.5325
DOW,2023-07-25,0.914458,0.06704444,0.018497555,0.89596045,2023-07-25,2023,7,25,DOW,52.94,55.145,52.85,53.48,9077431.0,1,1,0,1,-0.4097,19.7229
DOW,2023-10-24,0.9137646,0.06772212,0.01851328,0.89525133,2023-10-24,2023,10,24,DOW,48.43,49.72,48.0,49.24,5506665.0,1,1,1,1,3.5759,11.9207
DOW,2023-10-25,0.94065166,0.03215698,0.027191352,0.91346025,2023-10-25,2023,10,25,DOW,48.93,49.03,47.26,47.54,4920150.0,0,1,0,0,-0.9996,-20.85
DOW,2023-12-18,0.9474834,0.027486717,0.025029827,0.92245364,2023-12-18,2023,12,18,DOW,54.75,54.83,54.0,54.25,3219100.0,0,0,0,0,-1.22,-12.9455
DOW,2024-01-25,0.9137258,0.06787907,0.018395117,0.89533067,2024-01-25,2024,1,25,DOW,54.76,55.13,53.77,54.94,7238500.0,1,0,1,1,1.6278,38.1472
DOW,2024-01-30,0.9164406,0.05831035,0.025249055,0.8911916,2024-01-30,2024,1,30,DOW,53.6,54.535,53.5,54.47,4641015.0,1,0,0,0,1.6231,-15.1881
DOW,2024-02-09,0.9416429,0.033171423,0.025185715,0.9164572,2024-02-09,2024,2,9,DOW,53.79,54.12,53.555,53.99,3897487.0,1,0,0,0,-1.4601,-25.9424
DOW,2024-02-20,0.9436592,0.034979668,0.021361154,0.922298,2024-02-20,2024,2,20,DOW,54.79,55.45,54.4465,54.71,4493926.0,0,0,0,1,-1.8655,10.4927
DOW,2024-04-15,0.93645114,0.04117369,0.02237517,0.914076,2024-04-15,2024,4,15,DOW,58.23,58.67,56.915,57.32,3885266.0,0,1,1,1,0.809,25.4107
DOW,2024-04-25,0.9163078,0.064979315,0.018712875,0.8975949,2024-04-25,2024,4,25,DOW,57.71,57.9,55.06,56.44,7082841.0,0,0,0,1,-1.4837,27.0785
DOW,2024-05-16,0.91243714,0.039373733,0.048189126,0.86424804,2024-05-16,2024,5,16,DOW,59.04,59.41,58.51,58.7,4871335.0,0,1,0,1,-0.8278,82.535
DOW,2024-07-25,0.914458,0.06704444,0.018497555,0.89596045,2024-07-25,2024,7,25,DOW,50.78,53.24,50.48,52.85,6188118.0,1,1,0,1,-0.0189,51.3945
DOW,2024-09-12,0.9253851,0.051802285,0.02281266,0.9025724,2024-09-12,2024,9,12,DOW,50.68,50.91,49.52,50.26,5682313.0,0,0,0,1,0.2193,28.7991
DOW,2024-10-24,0.9137646,0.06772212,0.01851328,0.89525133,2024-10-24,2024,10,24,DOW,52.02,52.16,50.72,50.99,5804601.0,0,1,1,0,2.5956,-1.4451
DUK,2022-12-05,0.930809,0.051695466,0.017495506,0.9133135,2022-12-05,2022,12,5,DUK,98.74,99.56,98.52,99.13,2212500.0,1,0,0,0,-1.373,-21.7866
DUK,2022-12-08,0.94484556,0.026690442,0.028464027,0.9163815,2022-12-08,2022,12,8,DUK,99.61,100.65,99.32,100.45,2065900.0,1,0,0,1,0.0997,3.388
DUK,2022-12-27,0.89865196,0.03334809,0.067999914,0.83065206,2022-12-27,2022,12,27,DUK,103.09,103.98,102.55,103.67,1698500.0,1,0,0,1,0.7483,0.6459
DUK,2023-01-03,0.90614104,0.020260379,0.07359856,0.83254254,2023-01-03,2023,1,3,DUK,103.2,103.8,102.19,103.7,2686900.0,1,0,0,0,-1.0591,-4.7165
DUK,2023-01-06,0.9467008,0.024685152,0.028614063,0.91808677,2023-01-06,2023,1,6,DUK,104.2,105.79,104.0,105.18,2157300.0,1,0,0,0,-0.0095,-8.5231
DUK,2023-01-19,0.9325571,0.03137343,0.036069453,0.8964876,2023-01-19,2023,1,19,DUK,102.25,102.92,101.56,101.97,3025900.0,0,1,1,0,0.1473,-22.7535
DUK,2023-02-08,0.9427204,0.037206937,0.020072674,0.9226477,2023-02-08,2023,2,8,DUK,100.2,100.285,98.83,99.18,3328630.0,0,0,1,0,1.6709,-21.0054
DUK,2023-03-10,0.8572652,0.12419999,0.018534837,0.83873034,2023-03-10,2023,3,10,DUK,94.42,94.62,92.35,92.83,2629100.0,0,0,0,0,-1.423,-42.127
DUK,2023-04-03,0.9435711,0.03214503,0.024283843,0.9192873,2023-04-03,2023,4,3,DUK,95.11,96.69,94.49,95.09,6259116.0,0,1,0,1,-1.1847,25.1489
DUK,2023-04-04,0.94564867,0.032923087,0.021428213,0.92422044,2023-04-04,2023,4,4,DUK,94.96,96.29,94.705,96.23,5001334.0,1,0,0,1,-2.6406,12.1091
DUK,2023-04-06,0.9414889,0.025738155,0.032772973,0.9087159,2023-04-06,2023,4,6,DUK,99.5,99.78,98.4,99.74,2879740.0,1,1,1,1,0.6154,9.5563
DUK,2023-04-28,0.923062,0.04006546,0.036872484,0.8861896,2023-04-28,2023,4,28,DUK,99.28,99.84,98.18,98.88,1995000.0,0,0,0,0,-0.2119,-38.2716
DUK,2023-05-08,0.9436909,0.03625562,0.02005344,0.92363745,2023-05-08,2023,5,8,DUK,99.1,99.81,98.25,98.9,3099800.0,0,1,1,0,0.8669,-25.7497
DUK,2023-05-09,0.9368954,0.03550264,0.027601993,0.90929335,2023-05-09,2023,5,9,DUK,97.72,98.37,97.17,98.05,4174800.0,1,0,0,1,-1.0995,38.7807
DUK,2023-06-12,0.82414764,0.124909215,0.05094315,0.7732045,2023-06-12,2023,6,12,DUK,91.74,91.74,90.86,91.39,3131300.0,0,1,1,0,0.6941,-13.7525
DUK,2023-06-15,0.943508,0.02753496,0.02895703,0.914551,2023-06-15,2023,6,15,DUK,91.35,91.94,90.87,91.69,3038500.0,1,0,0,0,-0.5316,-65.0494
DUK,2023-08-07,0.9439949,0.035429675,0.020575412,0.9234195,2023-08-07,2023,8,7,DUK,89.58,90.1,89.52,89.66,3604500.0,1,0,1,0,-2.681,-31.2223
DUK,2023-08-21,0.92880476,0.04089746,0.030297793,0.898507,2023-08-21,2023,8,21,DUK,90.8,91.1,89.13,89.63,3910700.0,0,1,1,1,0.0446,65.2734
DUK,2023-08-22,0.92571056,0.047615513,0.026673911,0.89903665,2023-08-22,2023,8,22,DUK,89.63,89.87,89.06,89.59,2366200.0,0,0,0,1,-0.8302,6.0363
DUK,2023-08-28,0.89533067,0.056423843,0.048245475,0.8470852,2023-08-28,2023,8,28,DUK,90.59,91.17,90.0,90.02,2128800.0,0,1,1,0,-0.299,-6.6193
DUK,2023-09-08,0.94325864,0.026545756,0.030195544,0.91306317,2023-09-08,2023,9,8,DUK,89.57,91.17,89.28,91.02,3302700.0,1,0,0,0,-0.8281,-17.2857
DUK,2023-11-01,0.9431654,0.03661638,0.020218208,0.92294717,2023-11-01,2023,11,1,DUK,89.2,89.99,88.32,89.54,3944500.0,1,0,0,0,-0.3894,-13.3648
DUK,2023-12-18,0.9328925,0.039589398,0.02751806,0.90537447,2023-12-18,2023,12,18,DUK,97.2,98.33,96.75,97.17,4277100.0,0,1,1,1,0.3719,57.716
DUK,2023-12-19,0.936528,0.040277503,0.023194429,0.91333365,2023-12-19,2023,12,19,DUK,97.51,97.54,96.46,96.81,2711900.0,0,1,1,0,1.181,-20.9013
DUK,2024-01-05,0.9436544,0.028883545,0.027462047,0.91619235,2024-01-05,2024,1,5,DUK,98.49,98.75,97.57,98.54,2192100.0,1,0,0,0,-0.8552,-10.6505
DUK,2024-01-12,0.945863,0.027935885,0.026201092,0.9196619,2024-01-12,2024,1,12,DUK,97.72,98.78,97.3,98.46,2791900.0,1,0,0,0,0.4386,-20.8443
DUK,2024-01-31,0.92272675,0.041570544,0.035702676,0.8870241,2024-01-31,2024,1,31,DUK,96.1,96.99,95.3,95.83,3678500.0,0,0,1,1,-2.0043,33.9634
DUK,2024-02-07,0.94354653,0.036181618,0.020271879,0.92327464,2024-02-07,2024,2,7,DUK,95.47,95.61,94.78,95.5,2470800.0,1,1,1,0,3.0761,-55.7292
DUK,2024-03-15,0.9396659,0.030473843,0.029860208,0.9098057,2024-03-15,2024,3,15,DUK,94.36,95.6589,94.36,94.71,6196962.0,1,1,1,1,-0.2423,126.4362
DUK,2024-04-12,0.9442712,0.025968153,0.029760614,0.9145106,2024-04-12,2024,4,12,DUK,95.64,95.92,94.615,94.9,2279785.0,0,1,1,0,0.818,-13.087
DUK,2024-05-06,0.9436909,0.03625562,0.02005344,0.92363745,2024-05-06,2024,5,6,DUK,100.49,100.74,99.85,100.42,3081700.0,0,0,0,0,-1.7993,-41.0771
DUK,2024-05-13,0.9147258,0.062710024,0.022564225,0.89216155,2024-05-13,2024,5,13,DUK,102.7,103.83,102.61,102.89,2185261.0,1,1,1,1,0.5669,0.788
DUK,2024-06-07,0.9447264,0.028411187,0.026862381,0.917864,2024-06-07,2024,6,7,DUK,102.0,103.78,101.7318,102.62,1886828.0,1,1,0,0,0.0975,-1.4999
DUK,2024-07-08,0.9368838,0.0358278,0.027288362,0.9095955,2024-07-08,2024,7,8,DUK,100.44,101.39,100.03,100.64,2535169.0,1,0,0,0,-0.2972,-20.7899
DUK,2024-07-15,0.9434049,0.029120125,0.027474986,0.9159299,2024-07-15,2024,7,15,DUK,104.69,105.39,104.02,105.32,2863400.0,1,0,0,0,-1.1358,-6.3329
DUK,2024-08-05,0.9439949,0.035429675,0.020575412,0.9234195,2024-08-05,2024,8,5,DUK,114.11,114.98,111.01,111.01,4918669.0,0,1,0,1,-1.6915,14.6592
DUK,2024-08-22,0.94118404,0.03050733,0.028308598,0.9128755,2024-08-22,2024,8,22,DUK,112.66,112.68,111.45,112.12,5459600.0,0,0,0,1,-0.2136,99.7995
DUK,2024-11-06,0.9431654,0.03661638,0.020218208,0.92294717,2024-11-06,2024,11,6,DUK,114.01,114.25,112.52,113.63,4236687.0,0,1,1,0,2.2956,-24.2572
HD,2022-11-15,0.9311031,0.048287507,0.020609368,0.91049373,2022-11-15,2022,11,15,HD,304.06,316.63,303.25,311.93,9288200.0,1,1,0,1,-0.9463,76.9619
HD,2023-02-21,0.92746115,0.05238795,0.020150905,0.90731025,2023-02-21,2023,2,21,HD,305.55,308.01,295.03,295.5,10886300.0,0,1,0,1,-0.27,83.9026
HD,2023-02-28,0.93915826,0.025522768,0.035318945,0.90383935,2023-02-28,2023,2,28,HD,295.0,298.7,294.31,296.54,3948600.0,1,1,1,0,1.9774,-32.4858
HD,2023-04-19,0.74223906,0.23046122,0.027299719,0.71493936,2023-04-19,2023,4,19,HD,296.45,298.29,295.05,296.91,2889000.0,1,0,0,0,-0.556,-14.3188
HD,2023-05-16,0.9303732,0.04914286,0.020483956,0.9098893,2023-05-16,2023,5,16,HD,281.75,286.09,277.09,282.33,12362100.0,1,0,0,1,-3.4406,55.3633
HD,2023-05-23,0.93561584,0.032529924,0.031854227,0.9037616,2023-05-23,2023,5,23,HD,289.28,297.77,289.28,294.94,5352200.0,1,1,0,1,1.3191,7.5128
HD,2023-06-20,0.92607284,0.05174044,0.022186756,0.9038861,2023-06-20,2023,6,20,HD,299.77,302.75,298.23,301.41,3371100.0,1,0,0,1,0.2361,24.2435
HD,2023-07-13,0.93731266,0.027324075,0.035363317,0.90194935,2023-07-13,2023,7,13,HD,318.1,318.42,313.47,314.6,3235600.0,0,1,0,1,-0.6003,10.017
HD,2023-08-15,0.9320834,0.04741291,0.02050367,0.9115797,2023-08-15,2023,8,15,HD,331.76,338.17,328.52,332.14,5860900.0,1,1,0,1,-0.2672,56.1283
HD,2023-10-30,0.92777133,0.026913557,0.045315072,0.8824563,2023-10-30,2023,10,30,HD,277.47,282.32,276.96,281.48,3074400.0,1,0,0,1,-1.1275,1.2648
HD,2023-11-14,0.9311031,0.048287507,0.020609368,0.91049373,2023-11-14,2023,11,14,HD,300.89,308.24,300.14,303.63,7952800.0,1,0,0,1,-1.4796,99.5233
HD,2023-11-28,0.94499254,0.029531183,0.025476301,0.9195162,2023-11-28,2023,11,28,HD,310.71,314.58,309.39,313.34,3116900.0,1,1,0,1,0.7459,1.0734
HD,2023-12-04,0.94484794,0.03202615,0.023125894,0.92172205,2023-12-04,2023,12,4,HD,319.62,325.08,318.96,324.02,3827900.0,1,1,0,1,0.1607,17.0683
HD,2024-01-10,0.74682254,0.23046939,0.022708056,0.7241145,2024-01-10,2024,1,10,HD,350.62,356.86,350.31,356.8,4109300.0,1,0,0,1,0.0757,16.3976
HD,2024-02-20,0.9248485,0.054462403,0.020689078,0.9041594,2024-02-20,2024,2,20,HD,355.31,365.25,354.56,362.57,4830000.0,1,1,0,1,-0.4284,47.3055
HD,2024-03-28,0.9117939,0.06055853,0.027647534,0.8841464,2024-03-28,2024,3,28,HD,387.13,387.607,379.7236,383.6,4108328.0,0,1,1,0,4.2306,-5.1902
HD,2024-05-09,0.9400619,0.026369449,0.03356857,0.90649337,2024-05-09,2024,5,9,HD,339.25,348.005,338.88,347.44,3801438.0,1,0,0,1,0.2915,11.3519
HD,2024-05-14,0.93051136,0.048702717,0.020785961,0.90972537,2024-05-14,2024,5,14,HD,335.05,344.2549,333.0,340.5,5854302.0,1,0,0,1,-2.3432,41.0298
HD,2024-05-22,0.93089753,0.036636557,0.03246596,0.8984316,2024-05-22,2024,5,22,HD,334.66,335.25,328.93,330.59,4024444.0,0,1,1,1,1.1319,0.0826
HD,2024-05-30,0.6603967,0.3216122,0.017991101,0.64240557,2024-05-30,2024,5,30,HD,326.26,330.22,325.71,329.18,2921800.0,1,0,0,0,-1.6992,-47.4285
HD,2024-06-18,0.94185627,0.03431018,0.02383357,0.91802275,2024-06-18,2024,6,18,HD,352.95,356.4111,352.1146,353.87,3654970.0,1,1,1,0,0.1217,-0.1698
HD,2024-06-25,0.94742525,0.028901838,0.023672901,0.9237523,2024-06-25,2024,6,25,HD,346.31,346.99,334.5337,338.32,4980465.0,0,1,0,1,-1.0239,47.9945
HD,2024-06-27,0.41835415,0.5513504,0.030295374,0.38805878,2024-06-27,2024,6,27,HD,342.83,344.76,338.45,341.49,2912566.0,0,0,0,0,-0.7989,-54.0908
HD,2024-08-13,0.93222153,0.046972767,0.020805676,0.9114158,2024-08-13,2024,8,13,HD,341.87,353.39,339.37,350.07,6388596.0,1,0,0,1,-1.5717,32.6872
HD,2024-11-12,0.9312412,0.04784736,0.020911373,0.9103298,2024-11-12,2024,11,12,HD,414.25,416.02,402.19,403.08,5647107.0,0,1,0,1,-1.7333,83.2598
JNJ,2022-11-30,0.9210832,0.057376616,0.021540195,0.89954305,2022-11-30,2022,11,30,JNJ,176.37,178.01,174.78,178.0,13285700.0,1,0,0,1,-0.414,134.3371
JNJ,2022-12-22,0.9216156,0.042962797,0.035421602,0.886194,2022-12-22,2022,12,22,JNJ,176.77,177.51,175.34,177.03,5709100.0,1,0,0,1,-0.2535,54.9945
JNJ,2023-01-24,0.9142387,0.0574059,0.028355408,0.8858833,2023-01-24,2023,1,24,JNJ,175.0,175.0,166.01,168.31,10531800.0,0,1,0,1,-0.7079,48.3791
JNJ,2023-02-14,0.9326744,0.046002213,0.021323334,0.9113511,2023-02-14,2023,2,14,JNJ,162.74,162.9699,161.76,162.04,6304488.0,0,1,1,0,1.6753,-50.0508
JNJ,2023-03-31,0.86624146,0.11436418,0.019394338,0.8468471,2023-03-31,2023,3,31,JNJ,153.79,155.19,153.24,155.0,9888000.0,1,0,0,1,-1.1795,44.5424
JNJ,2023-04-04,0.90420985,0.042070642,0.05371947,0.8504904,2023-04-04,2023,4,4,JNJ,156.97,158.97,156.59,158.49,7683235.0,1,0,0,0,-4.2993,-53.9774
JNJ,2023-04-18,0.8800028,0.06902944,0.05096778,0.829035,2023-04-18,2023,4,18,JNJ,164.25,164.69,159.65,161.01,14564800.0,0,1,0,1,-0.9352,115.8708
JNJ,2023-04-28,0.92798007,0.049604222,0.022415718,0.9055643,2023-04-28,2023,4,28,JNJ,162.81,163.76,162.56,163.7,6023400.0,1,0,1,1,0.0611,23.0923
JNJ,2023-05-08,0.9390187,0.032098696,0.028882626,0.9101361,2023-05-08,2023,5,8,JNJ,161.99,162.57,161.34,162.31,4994900.0,1,1,1,0,0.7824,-9.5209
JNJ,2023-07-20,0.9104196,0.061441995,0.028138354,0.8822812,2023-07-20,2023,7,20,JNJ,161.94,169.14,161.3,168.38,21892900.0,1,0,0,1,-1.0635,81.2851
JNJ,2023-07-24,0.94578445,0.033135567,0.021079984,0.9247045,2023-07-24,2023,7,24,JNJ,171.5,173.82,170.99,171.08,15155400.0,0,1,1,1,-0.7599,9.9006
JNJ,2023-07-28,0.9098196,0.06814015,0.022040267,0.88777936,2023-07-28,2023,7,28,JNJ,174.0,175.36,173.23,174.48,14138800.0,1,1,1,0,4.1485,-37.5293
JNJ,2023-08-25,0.9497492,0.025668453,0.024582349,0.92516685,2023-08-25,2023,8,25,JNJ,164.3,167.78,164.06,166.25,18185500.0,1,1,1,0,1.193,-1.4763
JNJ,2023-08-30,0.9344939,0.02526271,0.04024339,0.8942505,2023-08-30,2023,8,30,JNJ,165.11,165.83,163.68,163.73,9939100.0,0,1,1,0,1.2679,-35.1784
JNJ,2023-10-17,0.90235627,0.07082585,0.026817827,0.87553847,2023-10-17,2023,10,17,JNJ,155.98,158.95,154.61,156.09,12244400.0,1,1,1,1,2.2,34.5938
JNJ,2023-10-23,0.76352113,0.21593107,0.020547807,0.7429733,2023-10-23,2023,10,23,JNJ,152.86,153.5,151.21,151.39,5874000.0,0,1,1,0,0.1058,-4.57
JNJ,2023-11-27,0.9375861,0.03723117,0.025182676,0.91240346,2023-11-27,2023,11,27,JNJ,152.29,152.32,150.97,151.28,6449700.0,0,1,1,1,-0.2308,9.1504
JNJ,2023-11-30,0.87896514,0.08649753,0.034537397,0.8444277,2023-11-30,2023,11,30,JNJ,152.26,155.14,151.92,154.66,12481900.0,1,0,0,1,-2.3488,20.6855
JNJ,2023-12-05,0.9437075,0.026941877,0.029350596,0.91435695,2023-12-05,2023,12,5,JNJ,158.8,159.63,158.22,158.55,7268200.0,0,1,1,1,1.2323,9.4131
JNJ,2024-01-23,0.8800883,0.09408861,0.025823044,0.85426533,2024-01-23,2024,1,23,JNJ,159.66,160.51,156.91,159.81,9149800.0,1,0,0,1,0.5347,26.2407
JNJ,2024-04-16,0.84431994,0.10970254,0.0459775,0.79834247,2024-04-16,2024,4,16,JNJ,145.01,146.25,143.39,144.45,12774859.0,0,1,0,1,-0.221,36.2207
JNJ,2024-04-29,0.92604566,0.052424863,0.021529451,0.9045162,2024-04-29,2024,4,29,JNJ,146.14,147.22,145.985,146.82,6461588.0,1,1,1,0,1.5423,-26.7204
JNJ,2024-05-01,0.79436654,0.17205048,0.033582985,0.7607836,2024-05-01,2024,5,1,JNJ,148.74,151.85,147.62,151.18,14470900.0,1,0,0,1,0.8404,71.1358
JNJ,2024-05-17,0.9500156,0.023902882,0.026081512,0.9239341,2024-05-17,2024,5,17,JNJ,154.86,154.86,153.4,153.4,6521794.0,0,1,1,0,1.4081,-15.7639
JNJ,2024-05-20,0.93692905,0.023999283,0.039071705,0.8978573,2024-05-20,2024,5,20,JNJ,153.1,153.39,151.26,151.27,7742280.0,0,1,1,1,0.0198,40.9647
JNJ,2024-07-17,0.904176,0.06759342,0.028230557,0.87594545,2024-07-17,2024,7,17,JNJ,151.55,157.49,151.42,156.58,13791500.0,1,1,0,1,0.7464,35.6751
JNJ,2024-08-26,0.89716786,0.08137286,0.02145924,0.8757086,2024-08-26,2024,8,26,JNJ,164.17,165.71,163.54,164.61,6869200.0,1,1,1,1,1.0187,56.5344
JNJ,2024-09-10,0.79600835,0.18419623,0.019795354,0.776213,2024-09-10,2024,9,10,JNJ,167.5,168.46,166.745,167.38,6559734.0,0,1,1,1,1.5532,10.8032
JNJ,2024-09-20,0.86983335,0.032220222,0.09794637,0.771887,2024-09-20,2024,9,20,JNJ,164.3,164.87,163.55,164.16,11838967.0,0,1,1,1,0.5759,153.4218
JNJ,2024-10-15,0.8807202,0.09113958,0.028140232,0.85257995,2024-10-15,2024,10,15,JNJ,160.0,166.75,159.0,164.1,10547966.0,1,1,0,1,-0.1096,76.3198
JPM,2023-03-01,0.94620585,0.028896056,0.024898104,0.9213078,2023-03-01,2023,3,1,JPM,142.1,143.46,141.8,142.55,7134400.0,1,1,1,0,1.0491,-35.7655
JPM,2023-04-14,0.8937885,0.08549959,0.020711858,0.8730767,2023-04-14,2023,4,14,JPM,135.15,139.12,134.9,138.73,43896500.0,1,0,0,1,-0.7867,173.6348
JPM,2023-04-20,0.9300969,0.04410178,0.025801282,0.9042956,2023-04-20,2023,4,20,JPM,139.91,141.43,139.84,140.81,10583700.0,1,1,1,0,0.1921,-10.6242
JPM,2023-05-01,0.9116655,0.06576657,0.02256795,0.8890975,2023-05-01,2023,5,1,JPM,142.26,143.37,140.83,141.2,20415760.0,0,1,1,1,1.6412,44.6546
JPM,2023-05-18,0.9413048,0.03300903,0.025686145,0.91561866,2023-05-18,2023,5,18,JPM,138.27,139.73,137.76,139.5,10999610.0,1,0,0,0,0.2299,-18.4745
JPM,2023-05-22,0.89769685,0.079689614,0.022613559,0.87508327,2023-05-22,2023,5,22,JPM,141.0,141.64,137.66,138.03,11402480.0,0,1,1,1,1.0542,19.8382
JPM,2023-06-01,0.9450636,0.03123913,0.02369731,0.9213662,2023-06-01,2023,6,1,JPM,136.52,138.23,135.445,137.58,12248090.0,1,0,0,0,-2.0574,-5.2187
JPM,2023-06-26,0.93488073,0.04478915,0.020330075,0.91455066,2023-06-26,2023,6,26,JPM,138.87,140.01,137.69,139.19,8429727.0,1,1,0,1,-0.0072,3.3812
JPM,2023-06-30,0.9227235,0.0542025,0.02307404,0.89964944,2023-06-30,2023,6,30,JPM,144.6,146.0,143.66,145.44,14212820.0,1,0,0,1,-0.798,77.1814
JPM,2023-07-14,0.89406234,0.08547601,0.020461628,0.8736007,2023-07-14,2023,7,14,JPM,151.55,152.89,148.41,149.77,27028430.0,0,0,0,1,-2.3536,56.5741
JPM,2023-07-24,0.94702923,0.029513361,0.023457402,0.9235718,2023-07-24,2023,7,24,JPM,154.97,158.785,154.73,158.0,14381430.0,1,1,0,1,0.7525,44.6143
JPM,2023-09-22,0.94197047,0.03819716,0.01983235,0.9221381,2023-09-22,2023,9,22,JPM,147.29,147.51,145.19,145.73,7071975.0,0,1,1,1,-0.4916,0.3876
JPM,2023-10-13,0.89396507,0.08546057,0.02057436,0.8733907,2023-10-13,2023,10,13,JPM,148.5,153.11,147.84,148.0,29487199.0,0,1,1,1,0.1015,132.8526
JPM,2023-10-23,0.93985665,0.037408214,0.022735212,0.9171214,2023-10-23,2023,10,23,JPM,142.94,143.68,140.73,141.0,10133410.0,0,1,1,1,-0.1204,14.0976
JPM,2023-10-26,0.9210708,0.020506538,0.058422707,0.86264807,2023-10-26,2023,10,26,JPM,139.76,141.665,139.43,140.76,9109431.0,1,1,1,0,3.7365,-47.7512
JPM,2024-01-12,0.8977591,0.081955984,0.020284932,0.8774741,2024-01-12,2024,1,12,JPM,173.8,176.31,168.9,169.05,19436500.0,0,1,1,1,0.631,12.9607
JPM,2024-01-16,0.94728154,0.030546559,0.022171894,0.9251096,2024-01-16,2024,1,16,JPM,164.87,168.09,164.3,167.99,17206420.0,1,0,0,1,0.5386,54.9085
JPM,2024-01-18,0.87748826,0.02437805,0.098133676,0.7793546,2024-01-18,2024,1,18,JPM,167.12,167.53,165.24,167.42,9382255.0,1,0,0,0,-1.6969,-28.4652
JPM,2024-01-23,0.9474282,0.030322766,0.022248957,0.92517924,2024-01-23,2024,1,23,JPM,169.67,169.75,168.44,168.99,8360829.0,0,0,0,0,-0.8856,-16.1154
JPM,2024-01-25,0.9451442,0.034710176,0.020145688,0.9249985,2024-01-25,2024,1,25,JPM,172.31,172.99,170.905,172.94,8873481.0,1,0,0,1,0.3831,19.2199
JPM,2024-03-12,0.9456473,0.029303981,0.025048709,0.9205986,2024-03-12,2024,3,12,JPM,188.95,190.16,187.91,189.84,5708384.0,1,0,0,0,-0.8047,-26.7737
JPM,2024-03-21,0.94976497,0.02868314,0.02155184,0.9282131,2024-03-21,2024,3,21,JPM,196.52,199.43,196.33,199.06,11203796.0,1,0,0,1,1.241,38.1677
JPM,2024-04-08,0.8632952,0.11709015,0.019614683,0.8436805,2024-04-08,2024,4,8,JPM,197.62,198.98,197.62,198.48,8000963.0,1,1,1,1,0.6746,8.729
JPM,2024-04-12,0.8937885,0.08549959,0.020711858,0.8730767,2024-04-12,2024,4,12,JPM,188.32,188.93,182.54,182.79,31532308.0,0,1,1,1,-0.0547,113.5382
JPM,2024-04-22,0.9476509,0.030099336,0.022249725,0.9254012,2024-04-22,2024,4,22,JPM,185.99,190.125,185.98,189.41,11529668.0,1,0,0,1,-1.4208,26.0849
JPM,2024-05-06,0.9413488,0.0320734,0.026577791,0.914771,2024-05-06,2024,5,6,JPM,191.73,192.2,189.815,192.0,7911134.0,1,0,0,1,0.1304,2.892
JPM,2024-05-15,0.9432837,0.034872226,0.021844111,0.9214395,2024-05-15,2024,5,15,JPM,202.01,202.69,199.77,202.11,8369975.0,1,0,0,0,-0.1778,-1.5057
JPM,2024-05-20,0.89769685,0.079689614,0.022613559,0.87508327,2024-05-20,2024,5,20,JPM,204.39,205.88,195.4,195.58,17373253.0,0,1,0,1,-1.9747,20.4736
JPM,2024-05-23,0.9423432,0.032416154,0.025240665,0.9171025,2024-05-23,2024,5,23,JPM,197.81,198.3,196.07,196.92,8069445.0,0,0,0,1,-1.8883,9.6953
JPM,2024-06-03,0.9464668,0.028806843,0.024726335,0.92174053,2024-06-03,2024,6,3,JPM,202.31,202.42,199.19,201.82,6444309.0,0,1,1,0,1.3356,-5.8997
JPM,2024-06-28,0.9084997,0.06988781,0.02161246,0.8868873,2024-06-28,2024,6,28,JPM,200.01,202.6,199.3018,202.26,15307616.0,1,0,0,1,-1.5527,49.9888
JPM,2024-07-12,0.8955893,0.083768144,0.020642567,0.8749467,2024-07-12,2024,7,12,JPM,204.0,207.45,202.1,204.94,15443441.0,1,0,0,1,-2.4328,44.0664
JPM,2024-07-22,0.9474113,0.030291941,0.022296801,0.92511445,2024-07-22,2024,7,22,JPM,210.46,212.17,209.71,210.28,7663223.0,0,1,1,1,-0.0238,37.8957
JPM,2024-07-24,0.9514161,0.022863809,0.025720121,0.92569596,2024-07-24,2024,7,24,JPM,209.55,212.03,208.07,208.59,7118957.0,0,1,1,1,-0.0383,11.1681
JPM,2024-08-20,0.9514888,0.022982344,0.025528828,0.92595994,2024-08-20,2024,8,20,JPM,215.0,216.0,213.68,214.52,5640223.0,0,1,1,1,-0.0373,8.4143
JPM,2024-09-27,0.94918823,0.02169384,0.029117981,0.92007023,2024-09-27,2024,9,27,JPM,210.65,212.44,209.33,210.5,7032450.0,0,1,1,0,-0.1707,-18.8718
JPM,2024-10-11,0.89396507,0.08546057,0.02057436,0.8733907,2024-10-11,2024,10,11,JPM,215.67,224.6299,215.16,222.29,18320650.0,1,1,0,1,0.3657,102.4622
JPM,2024-10-17,0.94624496,0.03239589,0.02135916,0.92488575,2024-10-17,2024,10,17,JPM,224.27,225.85,223.31,224.42,6470186.0,1,0,1,0,-0.4215,-7.5759
JPM,2024-10-22,0.94765115,0.02999606,0.022352818,0.92529833,2024-10-22,2024,10,22,JPM,223.02,225.28,221.1,224.12,9586793.0,1,1,0,1,0.3178,55.1128
KO,2022-12-12,0.9372206,0.036282364,0.026497085,0.9107235,2022-12-12,2022,12,12,KO,63.3,64.005,63.01,63.97,11647900.0,1,0,0,0,-0.0313,-33.5215
KO,2023-02-14,0.94071335,0.039131958,0.02015467,0.9205587,2023-02-14,2023,2,14,KO,60.21,60.9,59.56,59.59,20491200.0,0,1,1,1,0.0,55.5734
KO,2023-04-24,0.94284034,0.036776498,0.020383194,0.9224572,2023-04-24,2023,4,24,KO,64.75,64.99,63.62,63.95,15524400.0,0,1,0,1,0.1566,21.1386
KO,2023-04-26,0.916798,0.060049627,0.023152368,0.89364564,2023-04-26,2023,4,26,KO,63.56,63.77,63.39,63.55,13178900.0,0,1,1,0,-0.2041,-4.4675
KO,2023-07-19,0.94324136,0.03132277,0.025435843,0.91780555,2023-07-19,2023,7,19,KO,60.77,61.79,60.68,61.64,12936000.0,1,0,0,1,-1.2021,11.8741
KO,2023-07-26,0.9417621,0.038239263,0.019998718,0.9217633,2023-07-26,2023,7,26,KO,61.86,63.17,61.39,63.05,17145500.0,1,0,0,1,0.9769,48.8699
KO,2023-10-20,0.92796147,0.050571937,0.021466598,0.90649486,2023-10-20,2023,10,20,KO,54.53,55.02,54.44,54.57,15674600.0,1,1,1,0,0.9061,-26.1075
KO,2023-10-24,0.9415825,0.03843224,0.019985247,0.92159724,2023-10-24,2023,10,24,KO,55.65,56.17,55.3,55.64,25290800.0,0,0,0,1,-0.8553,51.4328
KO,2024-02-13,0.9403205,0.03952004,0.020159416,0.9201611,2024-02-13,2024,2,13,KO,59.5,60.66,58.79,59.35,24195700.0,0,1,0,1,0.1012,52.4379
KO,2024-04-30,0.94284034,0.036776498,0.020383194,0.9224572,2024-04-30,2024,4,30,KO,62.14,62.83,61.465,61.77,19349153.0,0,1,1,1,-0.2584,15.6497
KO,2024-05-02,0.9329898,0.03740295,0.029607281,0.9033825,2024-05-02,2024,5,2,KO,62.18,62.4,61.72,61.99,10985900.0,0,1,1,0,-0.2895,-5.5275
KO,2024-05-08,0.94413567,0.027095105,0.028769217,0.9153664,2024-05-08,2024,5,8,KO,62.85,62.97,62.48,62.85,10484408.0,0,0,0,1,-0.0477,15.0406
KO,2024-05-13,0.94307375,0.02909432,0.027831875,0.9152419,2024-05-13,2024,5,13,KO,63.24,63.62,63.18,63.58,10137619.0,1,0,1,0,0.7607,-6.5849
KO,2024-05-14,0.94493866,0.026663132,0.028398247,0.9165404,2024-05-14,2024,5,14,KO,63.58,63.76,62.8,63.1,10852231.0,0,1,0,1,-0.0475,10.2993
KO,2024-07-23,0.8763103,0.10334321,0.020346534,0.8559637,2024-07-23,2024,7,23,KO,65.43,66.04,64.845,64.96,11810262.0,0,1,1,0,-1.2916,-10.8294
KO,2024-08-09,0.9449152,0.026883766,0.028201079,0.9167141,2024-08-09,2024,8,9,KO,68.7,68.785,68.245,68.68,12080420.0,0,1,1,1,0.7481,9.6992
KO,2024-08-14,0.93800926,0.034374453,0.027616233,0.91039306,2024-08-14,2024,8,14,KO,68.23,68.89,68.13,68.58,14328033.0,1,0,0,1,-0.102,26.9639
KO,2024-08-15,0.94535697,0.026620947,0.028022077,0.91733485,2024-08-15,2024,8,15,KO,68.62,68.92,68.5,68.65,11285120.0,1,0,0,0,-0.7661,-10.7982
KO,2024-08-21,0.924217,0.052999984,0.022783099,0.9014338,2024-08-21,2024,8,21,KO,69.48,70.13,69.335,69.57,8792397.0,1,1,1,0,0.3462,-29.7126
KO,2024-10-17,0.9385613,0.036795534,0.024643127,0.91391814,2024-10-17,2024,10,17,KO,70.63,70.69,69.58,69.9,14674631.0,0,1,0,0,-0.7666,-2.7326
KO,2024-10-23,0.9415825,0.03843224,0.019985247,0.92159724,2024-10-23,2024,10,23,KO,66.99,68.7,66.59,68.01,24621318.0,1,1,0,1,1.055,40.1846
MSFT,2022-12-16,0.91661847,0.061428074,0.0219535,0.89466494,2022-12-16,2022,12,16,MSFT,248.55,249.84,243.51,244.69,86088100.0,0,1,1,1,1.7634,189.8937
MSFT,2023-01-18,0.7935654,0.18275806,0.023676597,0.76988876,2023-01-18,2023,1,18,MSFT,241.565,242.38,235.52,235.81,30028689.0,0,1,1,1,1.6729,4.9109
MSFT,2023-01-24,0.9459543,0.032432146,0.021613557,0.9243407,2023-01-24,2023,1,24,MSFT,242.5,243.95,240.44,242.04,40234441.0,0,1,1,0,0.5943,-39.5213
MSFT,2023-04-25,0.94606453,0.031906217,0.02202927,0.92403525,2023-04-25,2023,4,25,MSFT,279.51,281.6,275.37,275.42,43772500.0,0,0,0,0,-6.7542,-32.1698
MSFT,2023-07-03,0.9486873,0.026924852,0.024387818,0.9242995,2023-07-03,2023,7,3,MSFT,339.19,340.9,336.57,337.99,12508700.0,0,0,1,0,-0.0473,-31.1665
MSFT,2023-07-25,0.94699633,0.030526005,0.02247766,0.9245187,2023-07-25,2023,7,25,MSFT,347.11,351.89,345.07,350.98,41637700.0,1,1,1,0,3.9109,-28.6827
MSFT,2023-10-11,0.9181112,0.051162105,0.030726664,0.88738453,2023-10-11,2023,10,11,MSFT,331.21,332.82,329.14,332.42,20063200.0,1,0,1,1,0.3805,3.8839
MSFT,2023-10-13,0.91073906,0.050153147,0.039107792,0.87163126,2023-10-13,2023,10,13,MSFT,332.38,333.83,326.36,327.73,21072400.0,0,0,0,0,-1.4761,-4.8994
MSFT,2023-10-16,0.9288331,0.046852045,0.024314828,0.90451837,2023-10-16,2023,10,16,MSFT,331.05,336.14,330.6,332.64,22158000.0,1,1,1,1,0.1747,20.8278
MSFT,2023-10-24,0.94633806,0.03181225,0.021849655,0.9244884,2023-10-24,2023,10,24,MSFT,331.3,331.84,327.6,330.53,31153600.0,0,0,0,0,-2.9765,-43.4124
MSFT,2023-10-30,0.94425154,0.029428441,0.026320053,0.91793144,2023-10-30,2023,10,30,MSFT,333.41,339.45,331.83,337.31,22828100.0,1,1,0,1,-0.2366,12.6462
MSFT,2023-11-06,0.900488,0.07367488,0.025837075,0.87465096,2023-11-06,2023,11,6,MSFT,353.45,357.54,353.35,356.53,23828300.0,1,0,0,0,-1.1095,-7.7634
MSFT,2023-12-08,0.91988236,0.05219588,0.027921742,0.8919606,2023-12-08,2023,12,8,MSFT,369.2,374.46,368.23,374.23,20144800.0,1,1,1,0,0.7891,-27.2982
MSFT,2024-01-19,0.93342924,0.04479797,0.021772714,0.91165656,2024-01-19,2024,1,19,MSFT,395.76,398.67,393.5,398.67,29272000.0,1,0,0,1,0.5448,8.347
MSFT,2024-01-30,0.9459543,0.032432146,0.021613557,0.9243407,2024-01-30,2024,1,30,MSFT,412.26,413.05,406.45,408.59,33477600.0,0,0,1,0,2.7693,-30.0672
MSFT,2024-03-08,0.9269163,0.042263508,0.030820144,0.89609617,2024-03-08,2024,3,8,MSFT,407.96,410.42,404.33,406.22,17971700.0,0,1,1,1,0.4203,11.4814
MSFT,2024-04-25,0.94606453,0.031906217,0.02202927,0.92403525,2024-04-25,2024,4,25,MSFT,394.03,399.89,388.03,399.04,40213200.0,1,0,0,1,-1.7917,36.0687
MSFT,2024-07-30,0.94699633,0.030526005,0.02247766,0.9245187,2024-07-30,2024,7,30,MSFT,427.72,429.05,417.36,422.92,31694300.0,0,1,1,0,1.0924,-25.959
MSFT,2024-08-21,0.9453089,0.033745237,0.020945854,0.924363,2024-08-21,2024,8,21,MSFT,424.08,426.4,421.72,424.14,15744000.0,1,0,1,0,2.0671,-18.6294
MSFT,2024-10-30,0.94633806,0.03181225,0.021849655,0.9244884,2024-10-30,2024,10,30,MSFT,437.435,438.5,432.1,432.53,29749149.0,0,1,1,0,6.4427,-44.3669
NEE,2022-12-21,0.9379655,0.032517735,0.029516798,0.9084487,2022-12-21,2022,12,21,NEE,83.85,84.95,83.65,84.65,4783981.0,1,1,1,1,1.5719,6.5237
NEE,2022-12-22,0.9270995,0.044083066,0.028817354,0.8982822,2022-12-22,2022,12,22,NEE,84.54,84.54,82.16,83.34,4491000.0,0,1,0,1,-0.9861,37.9838
NEE,2023-01-25,0.782353,0.19536838,0.02227864,0.7600743,2023-01-25,2023,1,25,NEE,80.53,80.99,75.9,76.59,28523400.0,0,1,1,1,0.2487,54.1231
NEE,2023-02-09,0.9377936,0.039956823,0.022249615,0.91554403,2023-02-09,2023,2,9,NEE,75.2,75.94,73.12,73.27,13162600.0,0,1,0,1,-1.9668,33.1937
NEE,2023-03-01,0.93909764,0.03728258,0.023619764,0.9154779,2023-03-01,2023,3,1,NEE,70.86,71.04,69.64,69.87,11808200.0,0,0,0,0,-3.2405,-26.5042
NEE,2023-03-03,0.94501066,0.03170111,0.023288246,0.9217224,2023-03-03,2023,3,3,NEE,72.89,73.87,72.18,73.83,10724300.0,1,0,0,1,-0.7661,55.7112
NEE,2023-03-17,0.9503758,0.026124582,0.023499658,0.9268761,2023-03-17,2023,3,17,NEE,76.29,76.29,74.74,75.67,14131700.0,0,0,0,1,-0.3949,97.9202
NEE,2023-04-25,0.9224045,0.05786801,0.01972742,0.9026772,2023-04-25,2023,4,25,NEE,77.73,79.1,77.5,77.82,8399200.0,1,1,1,0,5.0628,-33.6367
NEE,2023-05-18,0.9431493,0.03434225,0.022508457,0.9206409,2023-05-18,2023,5,18,NEE,74.75,75.25,74.21,75.1,6970597.0,1,0,0,1,0.8324,9.9703
NEE,2023-05-22,0.9388064,0.03528173,0.025911883,0.91289455,2023-05-22,2023,5,22,NEE,74.91,75.17,74.47,74.58,4272571.0,0,0,1,0,0.5663,-51.1776
NEE,2023-06-20,0.93954337,0.03812167,0.022334907,0.91720843,2023-06-20,2023,6,20,NEE,75.63,76.17,74.5,74.76,7802048.0,0,1,1,1,-1.346,8.7225
NEE,2023-07-25,0.9220934,0.05849538,0.019411203,0.9026822,2023-07-25,2023,7,25,NEE,75.76,75.94,74.62,75.44,8847806.0,0,0,1,1,1.4388,22.1302
NEE,2023-08-10,0.93883824,0.038373936,0.022787817,0.91605043,2023-08-10,2023,8,10,NEE,69.3,69.66,68.15,68.29,7959864.0,0,1,0,1,-0.9141,22.0052
NEE,2023-09-25,0.93464357,0.03041395,0.03494256,0.899701,2023-09-25,2023,9,25,NEE,67.22,67.495,66.78,67.47,8656485.0,1,1,1,0,3.2599,-4.2699
NEE,2023-10-24,0.91633534,0.06450328,0.01916137,0.897174,2023-10-24,2023,10,24,NEE,54.44,55.43,53.11,55.12,20060330.0,1,0,0,1,-2.3734,4.1426
NEE,2023-11-16,0.9345551,0.0465943,0.018850511,0.9157046,2023-11-16,2023,11,16,NEE,57.42,57.77,56.58,56.6,11155370.0,0,1,1,1,-1.3422,10.0517
NEE,2024-01-25,0.9165673,0.06383368,0.019599076,0.89696825,2024-01-25,2024,1,25,NEE,58.95,59.36,57.06,57.98,15702620.0,0,1,0,1,-0.855,34.7867
NEE,2024-01-31,0.9407711,0.035764948,0.02346391,0.9173072,2024-01-31,2024,1,31,NEE,59.7,59.98,58.425,58.63,11124880.0,0,1,1,1,-1.8745,28.0545
NEE,2024-02-28,0.9330555,0.043971978,0.022972573,0.91008294,2024-02-28,2024,2,28,NEE,55.35,55.72,54.71,55.04,13240400.0,0,0,0,0,-0.2718,-33.7768
NEE,2024-03-01,0.9419234,0.035880186,0.022196462,0.91972685,2024-03-01,2024,3,1,NEE,55.26,55.62,54.28,55.21,15398190.0,0,1,1,1,0.4366,31.8948
NEE,2024-03-04,0.9421398,0.032367744,0.025492435,0.9166474,2024-03-04,2024,3,4,NEE,54.78,55.07,53.95,54.97,11674600.0,1,0,0,0,-0.7762,-27.1527
NEE,2024-03-07,0.9404712,0.036443207,0.023085639,0.91738546,2024-03-07,2024,3,7,NEE,56.08,56.47,55.53,56.25,10227280.0,1,0,0,0,-2.6985,-19.6954
NEE,2024-04-23,0.9224045,0.05786801,0.01972742,0.9026772,2024-04-23,2024,4,23,NEE,65.24,67.17,65.1,66.2,14349197.0,1,1,0,1,-0.5409,18.104
NEE,2024-05-06,0.9278857,0.024729794,0.047384463,0.8805013,2024-05-06,2024,5,6,NEE,70.36,71.3,70.26,71.25,14042124.0,1,0,0,1,-0.9729,3.0913
NEE,2024-05-28,0.93798584,0.034539763,0.02747442,0.91051143,2024-05-28,2024,5,28,NEE,76.62,78.255,76.33,77.53,11986997.0,1,1,1,1,1.1085,73.8167
NEE,2024-06-03,0.94626164,0.03047869,0.023259588,0.9230021,2024-06-03,2024,6,3,NEE,79.5,79.75,77.52,77.71,15410520.0,0,1,1,1,0.7259,81.6356
NEE,2024-06-07,0.94160956,0.036494747,0.021895697,0.91971385,2024-06-07,2024,6,7,NEE,75.56,77.0,75.01,75.39,10059493.0,0,0,1,0,-2.0527,-10.3341
NEE,2024-06-11,0.9154381,0.049667533,0.03489438,0.8805437,2024-06-11,2024,6,11,NEE,75.3,75.32,71.55,72.74,22781516.0,0,1,1,1,0.6643,63.5374
NEE,2024-06-20,0.9394543,0.03643392,0.024111796,0.9153425,2024-06-20,2024,6,20,NEE,71.0,72.89,70.785,72.46,14857201.0,1,0,0,0,-0.4807,-23.6754
NEE,2024-07-01,0.9307537,0.048363082,0.02088318,0.90987056,2024-07-01,2024,7,1,NEE,71.46,71.63,69.5402,69.9,11036448.0,0,1,1,1,-0.8089,17.2197
NEE,2024-07-10,0.9107701,0.044427376,0.044802513,0.86596763,2024-07-10,2024,7,10,NEE,72.26,73.13,71.68,72.9,6741131.0,1,0,0,0,-2.4096,-44.6971
NEE,2024-07-24,0.9220934,0.05849538,0.019411203,0.9026822,2024-07-24,2024,7,24,NEE,72.73,75.75,72.29,75.41,17813660.0,1,1,0,1,2.6825,27.848
NEE,2024-07-30,0.93808985,0.04058235,0.021327768,0.9167621,2024-07-30,2024,7,30,NEE,74.525,74.525,73.2,74.28,8505348.0,0,0,0,0,-2.7621,-45.5401
NEE,2024-10-23,0.91633534,0.06450328,0.01916137,0.897174,2024-10-23,2024,10,23,NEE,84.59,86.0,83.0,84.96,10825057.0,1,1,1,1,2.5963,11.5372
NEE,2024-10-31,0.93836284,0.03584242,0.025794804,0.912568,2024-10-31,2024,10,31,NEE,78.39,79.8461,78.14,79.25,13034688.0,1,1,1,0,2.4564,-10.8148
NUE,2023-01-26,0.9300876,0.04872705,0.021185286,0.90890235,2023-01-26,2023,1,26,NUE,160.0,170.56,159.6,169.82,4128900.0,1,0,0,1,1.7678,73.2357
NUE,2023-04-20,0.93445665,0.044375706,0.021167597,0.91328907,2023-04-20,2023,4,20,NUE,150.5,158.35,149.51,155.73,3798200.0,1,1,0,1,1.4858,53.2521
NUE,2023-05-12,0.9314991,0.044143848,0.02435696,0.90714216,2023-05-12,2023,5,12,NUE,138.62,140.46,137.8258,139.08,1432026.0,1,0,0,1,-0.9966,22.9202
NUE,2023-07-24,0.93564194,0.04314965,0.0212085,0.9144334,2023-07-24,2023,7,24,NUE,164.78,167.76,163.675,166.65,1295502.0,1,0,1,0,-3.6037,-30.4196
NUE,2023-08-08,0.93750864,0.042148225,0.020343162,0.9171655,2023-08-08,2023,8,8,NUE,166.82,170.53,164.805,169.91,1120454.0,1,0,0,1,0.3129,1.4354
NUE,2023-10-23,0.9355642,0.04335548,0.021080315,0.91448385,2023-10-23,2023,10,23,NUE,140.84,142.46,140.07,140.49,1807200.0,0,0,0,0,-4.539,-15.5238
NUE,2023-12-15,0.92232007,0.036071595,0.041608334,0.88071173,2023-12-15,2023,12,15,NUE,171.34,175.53,169.5,172.82,3915600.0,1,0,0,1,-0.8036,101.7994
NUE,2024-01-29,0.9330866,0.046092723,0.02082068,0.91226596,2024-01-29,2024,1,29,NUE,175.5,177.09,173.13,176.64,2203685.0,1,0,0,0,-6.4902,-39.5893
NUE,2024-04-22,0.9356758,0.043283086,0.021041103,0.9146347,2024-04-22,2024,4,22,NUE,190.98,193.61,188.47,191.63,1609818.0,1,1,1,0,9.7286,-66.8472
NUE,2024-05-14,0.9250449,0.048977405,0.025977623,0.8990673,2024-05-14,2024,5,14,NUE,174.46,175.39,171.975,172.62,1021771.0,0,0,0,0,-2.0373,-30.3753
NUE,2024-07-22,0.93703365,0.041800573,0.021165775,0.91586787,2024-07-22,2024,7,22,NUE,162.3,163.5,160.68,163.34,1434745.0,1,0,1,0,1.108,-35.1644
NUE,2024-10-21,0.9355642,0.04335548,0.021080315,0.91448385,2024-10-21,2024,10,21,NUE,158.54,159.205,155.41,156.11,2062422.0,0,1,1,0,6.91,-60.6936
PG,2022-12-13,0.92549336,0.019799484,0.05470713,0.8707863,2022-12-13,2022,12,13,PG,153.41,154.23,150.79,152.24,7679900.0,0,0,0,1,-0.3926,4.0355
PG,2023-01-10,0.9300351,0.047506053,0.022458842,0.90757626,2023-01-10,2023,1,10,PG,152.1,152.7,150.94,151.89,4716400.0,0,1,1,0,0.8164,-45.7324
PG,2023-01-19,0.821851,0.15494603,0.02320295,0.79864806,2023-01-19,2023,1,19,PG,143.31,146.22,142.24,142.42,12682800.0,0,1,1,1,-0.3847,47.6083
PG,2023-01-26,0.9414673,0.03907702,0.019455709,0.92201155,2023-01-26,2023,1,26,PG,141.73,141.74,140.74,141.15,5398600.0,0,1,1,0,0.4126,-21.4086
PG,2023-02-03,0.9417968,0.038460225,0.019742986,0.9220538,2023-02-03,2023,2,3,PG,142.78,143.38,141.17,142.61,5993100.0,0,1,1,0,0.8557,-1.8827
PG,2023-04-11,0.94202125,0.033816937,0.024161803,0.91785944,2023-04-11,2023,4,11,PG,151.26,151.44,150.52,150.66,6311800.0,0,0,1,1,-0.2714,2.8332
PG,2023-04-21,0.8307296,0.14551853,0.023751838,0.80697775,2023-04-21,2023,4,21,PG,154.94,158.11,154.5,156.07,14875800.0,1,1,0,1,-0.1791,83.4367
PG,2023-05-02,0.94136477,0.039121293,0.01951392,0.92185086,2023-05-02,2023,5,2,PG,156.59,156.93,155.67,156.43,5262900.0,0,0,1,0,0.128,-8.8675
PG,2023-07-11,0.93501824,0.04104954,0.023932215,0.911086,2023-07-11,2023,7,11,PG,148.73,149.05,146.96,148.08,5150300.0,0,0,0,0,-0.5173,-23.8639
PG,2023-07-28,0.81612587,0.1601534,0.023720678,0.7924052,2023-07-28,2023,7,28,PG,154.66,157.48,154.6,156.41,9397300.0,1,0,0,1,0.0704,18.1278
PG,2023-10-10,0.94359934,0.0345071,0.021893531,0.92170584,2023-10-10,2023,10,10,PG,143.98,145.22,143.72,144.78,5988900.0,1,0,1,1,1.2448,9.5043
PG,2023-10-13,0.9383172,0.030890973,0.03079183,0.90752536,2023-10-13,2023,10,13,PG,143.19,145.03,143.19,144.69,7078900.0,1,0,0,1,-0.9448,8.7422
PG,2023-10-18,0.8199355,0.15725978,0.02280471,0.7971308,2023-10-18,2023,10,18,PG,150.06,151.3,148.77,150.03,10508500.0,0,1,1,1,1.2007,29.002
PG,2023-11-01,0.9442734,0.035283975,0.020442609,0.9238308,2023-11-01,2023,11,1,PG,150.68,150.68,149.21,149.61,5896900.0,0,0,1,1,-1.2084,0.6434
PG,2023-12-05,0.8975249,0.04899901,0.053476088,0.84404886,2023-12-05,2023,12,5,PG,152.14,152.61,146.18,146.76,11895800.0,0,1,1,1,0.075,56.318
PG,2023-12-13,0.9436769,0.030686863,0.025636217,0.9180407,2023-12-13,2023,12,13,PG,145.86,148.65,145.45,148.58,9055500.0,1,1,1,0,2.7098,-14.2894
PG,2024-01-09,0.9300351,0.047506053,0.022458842,0.90757626,2024-01-09,2024,1,9,PG,148.57,149.4,148.05,149.3,9786800.0,1,0,0,1,-0.4268,13.9179
PG,2024-01-23,0.821851,0.15494603,0.02320295,0.79864806,2024-01-23,2024,1,23,PG,153.11,156.4,152.89,153.98,19101600.0,1,1,1,1,1.2227,64.7727
PG,2024-01-29,0.9418587,0.03823307,0.019908268,0.92195046,2024-01-29,2024,1,29,PG,156.68,157.33,155.395,156.16,8987609.0,0,0,0,1,-0.8445,15.3037
PG,2024-04-09,0.93720627,0.04122972,0.021564016,0.91564226,2024-04-09,2024,4,9,PG,156.27,156.75,155.7,156.66,4613751.0,1,0,1,0,-0.3689,-40.736
PG,2024-04-19,0.8307296,0.14551853,0.023751838,0.80697775,2024-04-19,2024,4,19,PG,154.98,158.175,153.52,158.14,12034186.0,1,0,0,1,-1.495,34.8168
PG,2024-04-29,0.9429762,0.036965895,0.020057946,0.9229182,2024-04-29,2024,4,29,PG,161.17,161.79,160.41,161.66,4622164.0,1,0,0,0,-0.9436,-42.9792
PG,2024-07-09,0.93501824,0.04104954,0.023932215,0.911086,2024-07-09,2024,7,9,PG,166.63,166.759,165.14,165.66,4393179.0,0,0,0,0,-0.6835,-12.7784
PG,2024-07-30,0.8178992,0.15887219,0.023228489,0.7946708,2024-07-30,2024,7,30,PG,161.79,162.38,158.04,161.7,15746254.0,0,0,0,1,0.5847,63.025
PG,2024-10-08,0.9290514,0.049168922,0.021779722,0.9072716,2024-10-08,2024,10,8,PG,166.85,168.59,166.27,168.16,7472965.0,1,0,0,0,-0.6558,-14.6806
PG,2024-10-10,0.9365279,0.041352693,0.022119349,0.91440856,2024-10-10,2024,10,10,PG,168.8,169.79,168.37,168.95,6932308.0,1,0,0,0,-1.2508,-1.4805
PG,2024-10-18,0.8199355,0.15725978,0.02280471,0.7971308,2024-10-18,2024,10,18,PG,170.3,172.21,168.46,171.28,8371800.0,1,1,1,1,1.0263,51.6026
PG,2024-10-24,0.9433671,0.03650888,0.02012406,0.92324305,2024-10-24,2024,10,24,PG,169.42,169.96,168.93,169.62,5861200.0,1,1,1,1,0.8322,20.1755
PLD,2022-12-01,0.94766617,0.026190897,0.026142962,0.92152315,2022-12-01,2022,12,1,PLD,119.05,119.49,115.74,117.1,2001017.0,0,1,1,0,0.1368,-33.6093
PLD,2022-12-12,0.936612,0.041008756,0.022379186,0.91423285,2022-12-12,2022,12,12,PLD,116.4,118.351,115.355,118.03,2467896.0,1,0,0,0,-2.527,-34.2578
PLD,2023-01-05,0.86407435,0.105905294,0.03002038,0.834054,2023-01-05,2023,1,5,PLD,115.67,116.15,112.42,112.85,3079162.0,0,0,0,0,-3.2576,-22.942
PLD,2023-01-06,0.92083097,0.059970185,0.019198798,0.9016322,2023-01-06,2023,1,6,PLD,113.4,117.29,112.76,116.65,3995900.0,1,0,0,1,0.5084,59.5552
PLD,2023-01-18,0.8995662,0.07504862,0.025385141,0.8741811,2023-01-18,2023,1,18,PLD,122.49,125.34,121.41,122.65,3504033.0,1,1,1,0,1.1213,-9.592
PLD,2023-01-31,0.9456294,0.029274896,0.025095629,0.92053384,2023-01-31,2023,1,31,PLD,127.15,129.73,126.955,129.28,4350043.0,1,0,0,1,-1.2376,54.7694
PLD,2023-03-30,0.94511634,0.027072689,0.027810939,0.91730547,2023-03-30,2023,3,30,PLD,121.0,122.27,120.62,121.92,3384600.0,1,0,0,0,-2.2842,-36.1998
PLD,2023-04-18,0.90999126,0.05863334,0.031375375,0.87861586,2023-04-18,2023,4,18,PLD,124.01,125.1,122.42,123.71,3968800.0,0,0,0,1,-1.1585,39.1634
PLD,2023-05-08,0.93707216,0.03895842,0.02396943,0.91310275,2023-05-08,2023,5,8,PLD,126.76,127.84,126.37,127.37,2002131.0,1,1,1,0,1.1515,-27.0627
PLD,2023-05-23,0.9462883,0.028301857,0.02540984,0.9208784,2023-05-23,2023,5,23,PLD,123.66,125.01,122.7,123.54,4400725.0,0,1,1,1,2.0823,86.4859
PLD,2023-06-28,0.9414442,0.028980026,0.029575719,0.9118686,2023-06-28,2023,6,28,PLD,120.69,121.06,118.98,120.6,3295024.0,0,0,0,1,-0.7407,12.6425
PLD,2023-07-18,0.9100061,0.058552194,0.031441614,0.87856454,2023-07-18,2023,7,18,PLD,129.75,129.75,120.96,124.0,6397488.0,0,1,0,1,0.9936,77.9976
PLD,2023-08-31,0.91981345,0.034161173,0.046025384,0.87378806,2023-08-31,2023,8,31,PLD,125.36,125.905,123.89,124.2,3277645.0,0,1,0,1,-0.313,106.0054
PLD,2023-10-17,0.90960854,0.059113186,0.031278268,0.87833023,2023-10-17,2023,10,17,PLD,110.24,113.16,107.49,108.13,5379183.0,0,1,1,1,3.5926,44.0322
PLD,2023-11-15,0.943189,0.031953402,0.02485754,0.91833144,2023-11-15,2023,11,15,PLD,109.24,111.0762,109.05,110.51,4620329.0,1,0,0,1,0.2176,27.9916
PLD,2024-01-05,0.93781626,0.03175421,0.03042951,0.9073868,2024-01-05,2024,1,5,PLD,129.21,132.0,128.2901,130.56,2393581.0,1,0,0,0,-1.9599,-25.4034
PLD,2024-01-17,0.9226448,0.044322196,0.033032946,0.8896119,2024-01-17,2024,1,17,PLD,127.94,129.535,125.37,126.86,3912969.0,0,1,1,0,0.4752,-3.6916
PLD,2024-01-25,0.9449029,0.029520156,0.025576985,0.9193258,2024-01-25,2024,1,25,PLD,126.88,127.42,125.5,126.2,2590416.0,0,1,0,1,-0.5281,11.0319
PLD,2024-03-01,0.9464782,0.026701884,0.026819872,0.91965836,2024-03-01,2024,3,1,PLD,133.04,134.73,130.23,134.6,2786529.0,1,1,0,0,0.741,-15.9758
PLD,2024-04-17,0.90999126,0.05863334,0.031375375,0.87861586,2024-04-17,2024,4,17,PLD,108.7,111.5,105.56,106.49,11034012.0,0,1,1,1,1.7194,74.8546
PLD,2024-05-07,0.9371775,0.033237983,0.029584534,0.90759295,2024-05-07,2024,5,7,PLD,106.48,107.99,105.48,107.76,4088211.0,1,1,1,1,1.7756,38.6898
PLD,2024-05-14,0.93809944,0.038277894,0.023622587,0.9144769,2024-05-14,2024,5,14,PLD,108.855,109.86,108.04,108.28,3727358.0,0,0,0,0,-1.5547,-14.2667
PLD,2024-05-22,0.9439657,0.03450024,0.021534063,0.9224316,2024-05-22,2024,5,22,PLD,110.12,111.4,108.57,109.22,3158100.0,0,1,1,0,3.3889,-27.6422
PLD,2024-07-17,0.9100061,0.058552194,0.031441614,0.87856454,2024-07-17,2024,7,17,PLD,124.44,129.16,121.89,123.21,8941330.0,0,1,0,1,0.4812,93.037
PLD,2024-07-23,0.94365245,0.027426658,0.028920876,0.91473156,2024-07-23,2024,7,23,PLD,125.96,126.59,124.6,125.68,3707867.0,0,0,1,0,2.1124,-9.177
PLD,2024-10-16,0.90960854,0.059113186,0.031278268,0.87833023,2024-10-16,2024,10,16,PLD,123.04,127.65,121.77,126.97,5565193.0,1,1,0,1,3.48,2.1738
UNH,2022-11-22,0.95116067,0.027569095,0.021270253,0.9298904,2022-11-22,2022,11,22,UNH,519.94,524.6552,519.91,523.09,2567508.0,1,0,0,1,-1.2497,14.7054
UNH,2022-11-28,0.9518597,0.026558116,0.021582201,0.93027747,2022-11-28,2022,11,28,UNH,535.83,539.58,531.69,532.27,2702268.0,0,1,1,0,0.8087,-27.9599
UNH,2022-12-12,0.947596,0.028309315,0.02409464,0.9235014,2022-12-12,2022,12,12,UNH,541.85,546.079,539.28,545.86,2714056.0,1,0,1,0,1.4195,-19.4564
UNH,2023-01-13,0.9520148,0.026394725,0.021590458,0.9304244,2023-01-13,2023,1,13,UNH,486.11,509.5,486.0,489.57,5390067.0,1,1,1,1,0.9256,19.8974
UNH,2023-03-28,0.9395607,0.032298222,0.02814105,0.91141963,2023-03-28,2023,3,28,UNH,482.0,483.74,470.71,472.58,2360000.0,0,1,1,0,1.2838,-32.7635
UNH,2023-04-14,0.95247227,0.02558054,0.021947175,0.93052506,2023-04-14,2023,4,14,UNH,522.0,527.24,508.5,511.79,4860000.0,0,1,1,1,1.2744,33.1507
UNH,2023-04-24,0.9453929,0.031327303,0.023279808,0.9221131,2023-04-24,2023,4,24,UNH,483.41,490.22,482.65,488.94,2320000.0,1,0,0,0,-0.6058,-18.8811
UNH,2023-04-28,0.9452625,0.029581646,0.025155859,0.92010665,2023-04-28,2023,4,28,UNH,488.69,493.96,488.12,492.09,2390000.0,1,0,0,1,-0.7283,13.5073
UNH,2023-05-05,0.9526248,0.026560498,0.020814778,0.93181,2023-05-05,2023,5,5,UNH,494.06,500.85,492.03,494.28,2329402.0,1,1,1,1,0.337,33.9922
UNH,2023-05-30,0.9524486,0.027287303,0.02026407,0.9321845,2023-05-30,2023,5,30,UNH,476.68,485.87,476.03,479.85,3180817.0,1,0,0,0,-1.5167,-35.6643
UNH,2023-06-09,0.9390569,0.036706116,0.024237027,0.91481984,2023-06-09,2023,6,9,UNH,489.99,498.2194,487.225,493.62,3174372.0,1,1,0,1,0.2091,43.7778
UNH,2023-07-14,0.95226055,0.0261289,0.021610541,0.93065,2023-07-14,2023,7,14,UNH,462.55,485.0,460.11,480.17,11379330.0,1,1,0,1,-0.8077,148.3104
UNH,2023-09-22,0.9374037,0.03857251,0.024023848,0.91337985,2023-09-22,2023,9,22,UNH,499.0,509.4288,498.03,506.1,4558659.0,1,0,0,1,-0.8192,65.2532
UNH,2023-10-13,0.9515871,0.02703837,0.021374587,0.93021244,2023-10-13,2023,10,13,UNH,533.25,544.46,532.0,539.4,5245988.0,1,0,0,1,0.2546,37.0504
UNH,2023-11-03,0.9499033,0.024056379,0.0260403,0.923863,2023-11-03,2023,11,3,UNH,534.57,535.98,528.8,530.9,2739692.0,0,0,0,1,-0.4799,2.0391
UNH,2023-11-22,0.9513469,0.027381891,0.02127122,0.93007565,2023-11-22,2023,11,22,UNH,542.97,544.4,540.255,543.76,2234478.0,1,0,0,1,-0.6105,96.8743
UNH,2023-11-28,0.9518166,0.02662541,0.021557968,0.93025863,2023-11-28,2023,11,28,UNH,545.63,545.82,540.07,540.53,2859309.0,0,1,1,0,1.0374,-37.1577
UNH,2023-12-29,0.62821716,0.33208847,0.039694313,0.58852285,2023-12-29,2023,12,29,UNH,525.98,528.24,523.92,526.47,2080197.0,1,0,0,0,-2.3862,-39.0982
UNH,2024-01-12,0.9520148,0.026394725,0.021590458,0.9304244,2024-01-12,2024,1,12,UNH,518.86,528.4799,513.13,521.51,6327267.0,1,1,0,1,0.4546,69.3269
UNH,2024-02-07,0.36533162,0.015381378,0.61928695,-0.25395533,2024-02-07,2024,2,7,UNH,514.01,521.0,512.69,519.39,4109062.0,1,0,0,1,-0.1346,22.9163
UNH,2024-02-09,0.9087516,0.016513918,0.07473452,0.8340171,2024-02-09,2024,2,9,UNH,518.99,520.39,516.29,518.22,2715493.0,0,1,1,0,0.112,-14.9819
UNH,2024-02-22,0.8931679,0.072258994,0.034573104,0.85859483,2024-02-22,2024,2,22,UNH,524.2,526.74,518.59,526.5,3186819.0,1,0,0,1,-0.1404,27.3634
UNH,2024-03-08,0.8715091,0.05811151,0.07037939,0.8011297,2024-03-08,2024,3,8,UNH,478.33,484.25,474.77,476.57,4673567.0,0,0,0,1,-2.5718,5.9745
UNH,2024-03-21,0.93669724,0.03605325,0.027249513,0.90944767,2024-03-21,2024,3,21,UNH,492.28,496.2,491.28,491.69,3693408.0,0,1,1,1,0.3306,29.7176
UNH,2024-03-28,0.94083655,0.038776454,0.020386942,0.9204496,2024-03-28,2024,3,28,UNH,495.0,495.87,489.3,494.7,3820008.0,0,1,1,1,1.021,30.4333
UNH,2024-04-16,0.9523518,0.02572875,0.02191944,0.9304324,2024-04-16,2024,4,16,UNH,476.77,479.75,465.6,468.89,11816517.0,0,0,0,1,-2.1086,34.8951
UNH,2024-04-17,0.9261005,0.035345186,0.038554285,0.8875462,2024-04-17,2024,4,17,UNH,478.6,488.0,474.59,478.99,8759779.0,1,0,0,0,-2.8772,-1.3588
UNH,2024-04-24,0.93212986,0.04082706,0.02704307,0.90508676,2024-04-24,2024,4,24,UNH,483.78,488.86,480.71,487.3,3724418.0,1,0,0,0,-1.3283,-13.9788
UNH,2024-05-09,0.95108783,0.029453604,0.019458568,0.93162924,2024-05-09,2024,5,9,UNH,502.14,507.97,502.14,507.03,2343066.0,1,0,0,0,-1.1271,-15.8558
UNH,2024-05-15,0.93377846,0.046412725,0.019808844,0.91396964,2024-05-15,2024,5,15,UNH,514.83,522.59,514.83,517.55,2981351.0,1,0,0,0,-0.7136,-18.4482
UNH,2024-05-24,0.95033157,0.031060362,0.018608078,0.9317235,2024-05-24,2024,5,24,UNH,516.11,517.14,507.52,508.17,2528228.0,0,1,1,0,0.8914,-13.2085
UNH,2024-06-07,0.92700046,0.046761442,0.026238091,0.9007624,2024-06-07,2024,6,7,UNH,502.04,502.86,490.42,490.69,3416349.0,0,1,1,1,-0.8707,2.504
UNH,2024-07-16,0.95217925,0.026181493,0.021639269,0.93053997,2024-07-16,2024,7,16,UNH,533.9,549.92,527.13,548.87,11061994.0,1,0,0,1,-4.258,7.078
UNH,2024-07-25,0.933308,0.034450434,0.032241564,0.9010664,2024-07-25,2024,7,25,UNH,562.0,569.89,558.58,559.68,3102947.0,0,0,0,0,-1.7623,-3.0942
UNH,2024-10-15,0.9514773,0.02715954,0.021363188,0.9301141,2024-10-15,2024,10,15,UNH,552.02,569.7,543.0,556.29,11939357.0,1,0,0,1,-2.6342,133.9249
VZ,2023-01-24,0.9316958,0.037060298,0.031243844,0.900452,2023-01-24,2023,1,24,VZ,38.69,44.73,32.76,40.42,32138100.0,1,1,0,1,0.2232,21.2077
VZ,2023-03-03,0.8530073,0.106034376,0.040958293,0.81204903,2023-03-03,2023,3,3,VZ,38.44,38.51,38.06,38.26,23402700.0,0,0,1,1,0.2883,2.1588
VZ,2023-04-25,0.9326477,0.03360168,0.033750582,0.8988972,2023-04-25,2023,4,25,VZ,36.71,37.36,36.57,37.3,24949900.0,1,0,0,1,1.0293,16.0784
VZ,2023-05-16,0.9246662,0.047305357,0.028028404,0.8966378,2023-05-16,2023,5,16,VZ,36.62,36.78,36.04,36.05,20244700.0,0,1,0,1,-0.3593,20.9281
VZ,2023-07-25,0.9332302,0.03569051,0.031079244,0.902151,2023-07-25,2023,7,25,VZ,34.64,34.95,33.72,34.24,35719500.0,0,1,0,1,-0.2912,27.9535
VZ,2023-08-10,0.90287197,0.074643075,0.022484902,0.88038707,2023-08-10,2023,8,10,VZ,32.85,33.32,32.82,33.02,19031600.0,1,0,0,1,-1.0192,24.6993
VZ,2023-10-24,0.93038917,0.03815812,0.031452723,0.8989364,2023-10-24,2023,10,24,VZ,33.15,34.46,32.97,34.3,61617900.0,1,0,0,1,1.8106,99.8453
VZ,2024-01-17,0.022674179,0.96037185,0.016954018,0.005720161,2024-01-17,2024,1,17,VZ,38.72,39.43,38.67,38.87,21377100.0,1,1,1,1,-0.1798,24.9188
VZ,2024-01-23,0.9294186,0.03780733,0.032774035,0.8966446,2024-01-23,2024,1,23,VZ,41.07,42.25,40.59,42.23,49713700.0,1,0,0,1,2.3014,78.1189
VZ,2024-01-24,0.8417944,0.14204654,0.016159086,0.8256353,2024-01-24,2024,1,24,VZ,42.23,42.34,41.19,41.28,27910400.0,0,1,0,1,-2.3883,13.3961
VZ,2024-02-02,0.109188,0.07521761,0.81559443,-0.7064064,2024-02-02,2024,2,2,VZ,42.2,42.47,41.83,42.13,21546500.0,0,1,1,1,1.8125,5.2785
VZ,2024-03-06,0.93121094,0.032194514,0.03659459,0.89461637,2024-03-06,2024,3,6,VZ,40.35,40.37,39.77,39.93,16331100.0,0,1,1,0,1.0119,-4.4998
VZ,2024-04-22,0.93559384,0.035581306,0.028824873,0.906769,2024-04-22,2024,4,22,VZ,41.4,41.64,38.56,38.6,43412592.0,0,1,0,1,-2.7708,86.4028
VZ,2024-05-13,0.917133,0.058112863,0.024754195,0.8923788,2024-05-13,2024,5,13,VZ,40.34,40.65,40.09,40.54,21361300.0,1,0,0,1,0.1235,26.5668
VZ,2024-05-23,0.8434679,0.13744043,0.019091673,0.8243762,2024-05-23,2024,5,23,VZ,39.6,39.8,39.11,39.43,14099123.0,0,1,0,1,-0.7801,35.3084
VZ,2024-06-27,0.8589808,0.12168986,0.019329352,0.8396514,2024-06-27,2024,6,27,VZ,41.0,41.035,40.56,40.82,9414083.0,0,0,0,0,-1.0184,-65.9372
VZ,2024-07-22,0.9392624,0.036447912,0.02428967,0.9149728,2024-07-22,2024,7,22,VZ,39.95,40.0,38.7,39.09,54963200.0,0,1,0,1,0.5143,117.9298
VZ,2024-07-30,0.94446594,0.035707146,0.019826908,0.92463905,2024-07-30,2024,7,30,VZ,40.01,40.26,39.83,40.04,16084600.0,1,0,0,0,-1.1846,-31.8478
VZ,2024-08-05,0.9432266,0.03629211,0.020481337,0.9227452,2024-08-05,2024,8,5,VZ,40.0,40.27,39.64,39.8,21827255.0,0,0,0,1,-1.1426,84.9798
VZ,2024-08-20,0.9439812,0.036251567,0.019767307,0.9242138,2024-08-20,2024,8,20,VZ,40.66,40.96,40.63,40.85,8781100.0,1,0,0,0,-0.4872,-35.8083
VZ,2024-09-05,0.9229148,0.05432724,0.022758,0.9001568,2024-09-05,2024,9,5,VZ,41.305,41.81,40.91,41.31,28015224.0,1,1,0,1,0.3888,54.8102
VZ,2024-09-09,0.8829051,0.09520681,0.02188807,0.86101705,2024-09-09,2024,9,9,VZ,41.26,42.78,41.26,42.73,20753608.0,1,0,0,0,-2.1077,-43.8293
VZ,2024-09-12,0.8813022,0.08785166,0.030846171,0.850456,2024-09-12,2024,9,12,VZ,43.5,43.88,43.43,43.86,18392179.0,1,0,0,0,-1.2829,-8.1177
VZ,2024-09-30,0.94113827,0.033203293,0.025658412,0.9154799,2024-09-30,2024,9,30,VZ,45.13,45.36,44.8,44.91,9873978.0,0,1,1,0,-0.6636,-43.6864
VZ,2024-10-22,0.9355113,0.03263042,0.031858288,0.90365297,2024-10-22,2024,10,22,VZ,41.9,42.64,40.75,41.5,36808954.0,0,0,0,1,-3.1731,36.211
XOM,2022-11-18,0.9438783,0.033597812,0.022523858,0.9213544,2022-11-18,2022,11,18,XOM,110.9,112.48,109.61,112.08,15407000.0,1,1,1,0,1.0003,-26.5388
XOM,2022-12-02,0.9055927,0.069251835,0.0251555,0.88043714,2022-12-02,2022,12,2,XOM,109.51,111.71,109.2,109.86,15242500.0,1,1,1,0,2.817,-20.9732
XOM,2022-12-23,0.9400943,0.035781182,0.02412456,0.9159697,2022-12-23,2022,12,23,XOM,106.95,108.74,106.9,108.68,11539448.0,1,0,0,0,-1.3704,-3.5329
XOM,2023-01-04,0.9444743,0.032273583,0.02325213,0.92122215,2023-01-04,2023,1,4,XOM,104.8,107.155,104.76,106.82,18058400.0,1,0,0,1,-2.1884,13.2432
XOM,2023-01-26,0.936644,0.041325193,0.022030866,0.9146131,2023-01-26,2023,1,26,XOM,114.72,117.78,114.335,117.76,21019680.0,1,1,0,1,1.8597,38.5088
XOM,2023-01-31,0.9215169,0.04260322,0.035879895,0.885637,2023-01-31,2023,1,31,XOM,112.1,116.4,110.43,116.01,27861850.0,1,0,0,1,1.1069,43.1392
XOM,2023-02-24,0.8670491,0.015300627,0.11765027,0.7493988,2023-02-24,2023,2,24,XOM,109.33,110.96,109.02,110.75,14338500.0,1,0,0,1,0.1809,22.456
XOM,2023-04-04,0.94452417,0.032225236,0.023250576,0.9212736,2023-04-04,2023,4,4,XOM,116.26,116.7,114.17,115.02,15346355.0,0,0,0,0,-1.6839,-6.8518
XOM,2023-04-28,0.92144966,0.043749977,0.034800366,0.8866493,2023-04-28,2023,4,28,XOM,117.25,119.92,116.83,118.34,24374000.0,1,1,1,1,3.2005,40.4438
XOM,2023-06-06,0.92673,0.047438964,0.02583108,0.9008989,2023-06-06,2023,6,6,XOM,104.15,106.27,103.98,106.15,12209770.0,1,0,0,0,-2.1929,-23.8179
XOM,2023-07-05,0.9447883,0.03226572,0.022946041,0.9218422,2023-07-05,2023,7,5,XOM,107.63,107.92,106.1,106.91,12491210.0,0,1,1,0,3.8768,-30.4687
XOM,2023-07-13,0.94101906,0.03535265,0.02362832,0.91739076,2023-07-13,2023,7,13,XOM,105.97,106.23,103.32,104.54,26826840.0,0,1,1,0,3.5665,-4.8083
XOM,2023-07-28,0.92157656,0.043496735,0.034926735,0.88664985,2023-07-28,2023,7,28,XOM,105.11,105.16,102.32,104.16,17571680.0,0,0,0,0,-2.8721,-27.3907
XOM,2023-10-04,0.9448316,0.0320537,0.023114666,0.9217169,2023-10-04,2023,10,4,XOM,114.05,114.09,110.5018,111.5,19622230.0,0,1,1,0,2.303,-2.5165
XOM,2023-10-11,0.9276661,0.04764467,0.024689235,0.90297693,2023-10-11,2023,10,11,XOM,106.96,107.17,104.83,106.49,57939020.0,0,0,0,1,0.0188,85.8035
XOM,2023-10-20,0.93927544,0.038824204,0.021900313,0.91737515,2023-10-20,2023,10,20,XOM,112.92,113.32,110.79,111.08,22445270.0,0,1,1,1,1.4893,23.4277
XOM,2023-10-27,0.9215353,0.04359608,0.034868628,0.88666666,2023-10-27,2023,10,27,XOM,108.89,109.86,104.96,105.55,23092020.0,0,1,0,1,-0.3117,19.1544
XOM,2023-11-02,0.94371647,0.037074964,0.019208552,0.9245079,2023-11-02,2023,11,2,XOM,105.88,109.19,105.5,109.11,25212689.0,1,1,0,0,1.234,-17.4857
XOM,2023-11-07,0.9389056,0.037207194,0.023887217,0.9150184,2023-11-07,2023,11,7,XOM,104.47,104.86,103.29,104.21,20272490.0,0,0,1,1,1.2436,5.6736
XOM,2023-11-15,0.94324297,0.036284156,0.02047289,0.9227701,2023-11-15,2023,11,15,XOM,103.96,105.15,103.5,103.66,20137561.0,0,1,1,0,1.1712,-10.3765
XOM,2023-12-06,0.9296262,0.047492784,0.022880973,0.90674525,2023-12-06,2023,12,6,XOM,100.0,100.72,98.34,99.11,31154789.0,0,0,1,1,0.7011,3.8814
XOM,2024-01-04,0.9444743,0.032273583,0.02325213,0.92122215,2024-01-04,2024,1,4,XOM,104.08,104.57,102.05,102.32,19395150.0,0,1,0,1,-0.3021,22.5417
XOM,2024-02-02,0.9215356,0.042527955,0.035936467,0.88559914,2024-02-02,2024,2,2,XOM,103.75,104.0,101.611,101.97,21973410.0,0,1,1,1,0.4136,27.8201
XOM,2024-02-28,0.92408186,0.05291903,0.022999065,0.9010828,2024-02-28,2024,2,28,XOM,104.47,105.43,104.0,104.32,14810500.0,0,1,0,0,-0.1914,-15.687
XOM,2024-04-03,0.94452417,0.032225236,0.023250576,0.9212736,2024-04-03,2024,4,3,XOM,119.48,119.7479,118.73,119.3,16396046.0,0,0,1,0,-0.3508,-9.9217
XOM,2024-04-26,0.92144966,0.043749977,0.034800366,0.8866493,2024-04-26,2024,4,26,XOM,119.0,119.1,116.22,117.96,26718400.0,0,0,0,1,-1.4042,54.3575
XOM,2024-05-03,0.93889415,0.032302413,0.028803417,0.91009074,2024-05-03,2024,5,3,XOM,116.0,116.07,114.13,116.0,28023313.0,0,0,0,0,-0.6424,-6.8214
XOM,2024-05-10,0.9454119,0.02977977,0.024808355,0.9206035,2024-05-10,2024,5,10,XOM,118.54,118.66,117.58,117.96,13648130.0,0,0,1,0,0.0424,-9.3787
XOM,2024-05-31,0.93002677,0.049531277,0.020441944,0.9095848,2024-05-31,2024,5,31,XOM,114.12,117.49,113.99,117.26,29033800.0,1,1,1,1,2.4552,64.9491
XOM,2024-07-08,0.9406551,0.0371167,0.022228187,0.91842693,2024-07-08,2024,7,8,XOM,112.39,113.55,111.42,112.18,10973694.0,0,1,1,1,1.1177,23.5724
XOM,2024-08-01,0.9321086,0.045671504,0.022219962,0.9098886,2024-08-01,2024,8,1,XOM,118.35,119.49,116.36,116.95,15051482.0,0,1,1,0,0.0599,-26.2186
XOM,2024-08-02,0.92084837,0.04458506,0.034566574,0.88628185,2024-08-02,2024,8,2,XOM,115.97,118.87,115.42,116.88,20400100.0,1,1,1,1,1.8385,13.1713
XOM,2024-10-03,0.9405804,0.037058976,0.022360576,0.91821986,2024-10-03,2024,10,3,XOM,121.9,123.17,120.929,122.58,13002172.0,1,0,0,0,-1.8025,-34.1739
XOM,2024-10-08,0.943406,0.02864876,0.027945263,0.9154607,2024-10-08,2024,10,8,XOM,123.88,124.02,121.26,122.04,14813400.0,0,1,1,1,-0.041,32.9438
XOM,2024-10-18,0.87215775,0.106333904,0.021508291,0.8506495,2024-10-18,2024,10,18,XOM,120.44,120.64,119.15,120.01,12849800.0,0,0,0,1,-0.0583,26.9663
XOM,2024-11-01,0.9207735,0.044801317,0.034425225,0.88634825,2024-11-01,2024,11,1,XOM,119.93,119.95,114.84,114.95,20926500.0,0,1,0,1,-3.0857,39.8568
XOM,2024-11-12,0.9430811,0.037896566,0.019022359,0.92405874,2024-11-12,2024,11,12,XOM,121.13,121.31,119.84,120.35,11970900.0,0,0,1,1,-0.922,1.6363
